interpret,name,phonetic,sound
n.高调，夸大之辞,bombast,[ˈbɒmbæst],http://sound.yywz123.com/qsbdcword/b/bombast.mp3
n.举止粗野的人；乡下佬,boor,[bʊə(r)],http://sound.yywz123.com/qsbdcword/b/boor.mp3
n.亵渎，渎神,blasphemy,[ˈblæsfəmi],http://sound.yywz123.com/qsbdcword/b/blasphemy.mp3
n.纹章，装饰；精确描绘；v.广布；宣布,blazon,[ˈbleɪzn],http://sound.yywz123.com/qsbdcword/b/blazon.mp3
n.吹牛大王,braggadocio,[ˌbrægəˈdəʊtʃiəʊ],http://sound.yywz123.com/qsbdcword/b/braggadocio.mp3
n.障碍物；封锁,blockage,[ˈblɒkɪdʒ],http://sound.yywz123.com/qsbdcword/b/blockage.mp3
n.孩子；顽童,brat,[bræt],http://sound.yywz123.com/qsbdcword/b/brat.mp3
vt. 咆哮；狂吹；夸口；威吓；气势汹汹地说 vi. 咆哮；恫吓 n. 怒号；吓唬,bluster,[ˈblʌstə(r)],http://sound.yywz123.com/qsbdcword/b/bluster.mp3
vt.欺侮；吓唬,browbeat,[ˈbraʊbi:t],http://sound.yywz123.com/qsbdcword/b/browbeat.mp3
n.演出时的丑角,buffoon,[bəˈfu:n],http://sound.yywz123.com/qsbdcword/b/buffoon.mp3
n.秘密会议；干部会议；v.（参加）干部开会议,caucus,[ˈkɔ:kəs],http://sound.yywz123.com/qsbdcword/c/caucus.mp3
n.署名；v.署名,byline,[ˈbaɪlaɪn],http://sound.yywz123.com/qsbdcword/b/byline.mp3
n.用动作等表演文字意义的字谜游戏,charade,[ʃəˈrɑ:d],http://sound.yywz123.com/qsbdcword/c/charade.mp3
n.温和，仁慈，宽厚,clemency,[ˈklemənsi],http://sound.yywz123.com/qsbdcword/c/clemency.mp3
adj.仁慈的；温和的,clement,[ˈklemənt],http://sound.yywz123.com/qsbdcword/c/clement.mp3
n.拼贴画；v.拼贴；把……创作成拼贴画,collage,[ˈkɒlɑ:ʒ],http://sound.yywz123.com/qsbdcword/c/collage.mp3
n.贮水池,cistern,[ˈsɪstən],http://sound.yywz123.com/qsbdcword/c/cistern.mp3
adj.甜得发腻的,cloying,[ˈklɔɪɪŋ],http://sound.yywz123.com/qsbdcword/c/cloying.mp3
n.凝结剂；凝血剂,coagulant,[kəʊ'ægjʊlənt],http://sound.yywz123.com/qsbdcword/c/coagulant.mp3
n.尖音小号声；尖音小号,clarion,['klærɪən],http://sound.yywz123.com/qsbdcword/c/clarion.mp3
adj.老朽的，退休的；v.因落后于时代而废除，勒令退学,superannuated,[ˌsu:pərˈænjueɪtɪd],http://sound.yywz123.com/qsbdcword/s/superannuated.mp3
adj.腐臭的；有毒的；已腐烂的；卑劣的,putrid,[ˈpju:trɪd],http://sound.yywz123.com/qsbdcword/p/putrid.mp3
adj.天堂的，天上的；崇高的,supernal,[sju:'pɜ:nəl],http://sound.yywz123.com/qsbdcword/s/supernal.mp3
adj.下意识的，潜意识的；太弱或太快以至于难以觉察的,subliminal,[ˌsʌbˈlɪmɪnl],http://sound.yywz123.com/qsbdcword/s/subliminal.mp3
adj.厌烦于享乐的,blase,[ˈblɑ:zeɪ],http://sound.yywz123.com/qsbdcword/b/blase.mp3
vt. 预示；为…的兆头 vi. 预示 v. 停留；继续；遭到（bide的过去式）,bode,[bəʊd],http://sound.yywz123.com/qsbdcword/b/bode.mp3
n.汽车等之底盘；（飞机的）起落架；炮底架,chassis,[ˈʃæsi],http://sound.yywz123.com/qsbdcword/c/chassis.mp3
adj.严肃的；端庄的,demure,[dɪˈmjʊə(r)],http://sound.yywz123.com/qsbdcword/d/demure.mp3
n.减少；变小,diminution,[ˌdɪmɪˈnju:ʃn],http://sound.yywz123.com/qsbdcword/d/diminution.mp3
vt.解惑；矫正,disabuse,[ˌdɪsəˈbju:z],http://sound.yywz123.com/qsbdcword/d/disabuse.mp3
n.拙劣的诗，打油诗,doggerel,[ˈdɒgərəl],http://sound.yywz123.com/qsbdcword/d/doggerel.mp3
adj.悲伤的；忧愁的,dolorous,[ˈdɒlərəs],http://sound.yywz123.com/qsbdcword/d/dolorous.mp3
n.赞颂；颂词,encomium,[enˈkəʊmiəm],http://sound.yywz123.com/qsbdcword/e/encomium.mp3
n.删掉；除去,excision,[ɪkˈsɪʒn],http://sound.yywz123.com/qsbdcword/e/excision.mp3
vt.使磨破皮；剥皮,excoriate,[ˌeksˈkɔ:rieɪt],http://sound.yywz123.com/qsbdcword/e/excoriate.mp3
vt. 诅咒；憎恶；痛骂 vi. 诅咒,execrate,['eksɪkreɪt],http://sound.yywz123.com/qsbdcword/e/execrate.mp3
n.轻率；浮躁；无礼的行动,flippancy,['flɪpənsɪ],http://sound.yywz123.com/qsbdcword/f/flippancy.mp3
vt.凿；挖出；n.半圆凿；凿孔；欺诈,gouge,[gaʊdʒ],http://sound.yywz123.com/qsbdcword/g/gouge.mp3
adj.夸张的,grandiloquent,[grænˈdɪləkwənt],http://sound.yywz123.com/qsbdcword/g/grandiloquent.mp3
n.狂热；大骚动,furor,['fjʊərɔ:(r)],http://sound.yywz123.com/qsbdcword/f/furor.mp3
vt. 使缠绕；使交织；编饰 vi. 缠绕；搓；交织；编饰 n. 麻线；细绳；搓；合股线,twine,[twaɪn],http://sound.yywz123.com/qsbdcword/t/twine.mp3
n.粘度，粘性,viscosity,[vɪ'skɒsətɪ],http://sound.yywz123.com/qsbdcword/v/viscosity.mp3
vi. 向东；定向 vt. 给...定位；使适应,orientate,[ˈɔ:riənteɪt],http://sound.yywz123.com/qsbdcword/o/orientate.mp3
n. 潜望镜,periscope,[ˈperɪskəʊp],http://sound.yywz123.com/qsbdcword/p/periscope.mp3
adj.零碎的；n.片，块；adv.逐渐地；v.弄成碎块,piecemeal,[ˈpi:smi:l],http://sound.yywz123.com/qsbdcword/p/piecemeal.mp3
n.天文馆；天象仪,planetarium,[ˌplænɪˈteəriəm],http://sound.yywz123.com/qsbdcword/p/planetarium.mp3
n.愤慨,exasperation,[ɪɡˌzɑ:spə'reɪʃn],http://sound.yywz123.com/qsbdcword/e/exasperation.mp3
n.违反；侵权,infringement,[ɪn'frɪndʒmənt],http://sound.yywz123.com/qsbdcword/i/infringement.mp3
n.采购；获得,procurement,[prəˈkjʊəmənt],http://sound.yywz123.com/qsbdcword/p/procurement.mp3
adj.鱼鳞状的；干燥粗糙的,scaly,[ˈskeɪli],http://sound.yywz123.com/qsbdcword/s/scaly.mp3
n.走私,smuggling,[ˈsmʌglɪŋ],http://sound.yywz123.com/qsbdcword/s/smuggling.mp3
vt. 担保；证明；传出庭作证 vi. 保证；证明；确定,vouch,[vaʊtʃ],http://sound.yywz123.com/qsbdcword/v/vouch.mp3
vt.（从远处等）突然看到,espy,[eˈspaɪ],http://sound.yywz123.com/qsbdcword/e/espy.mp3
n.预感，预觉,presentiment,[prɪˈzentɪmənt],http://sound.yywz123.com/qsbdcword/p/presentiment.mp3
n.混乱之处；废墟,shambles,[ˈʃæmblz],http://sound.yywz123.com/qsbdcword/s/shambles.mp3
n.开玩笑，恶作剧；v.装饰；打扮；炫耀自己,prank,[præŋk],http://sound.yywz123.com/qsbdcword/p/prank.mp3
adj.幽灵的，鬼魂的,spectral,[ˈspektrəl],http://sound.yywz123.com/qsbdcword/s/spectral.mp3
n.胆怯者；懦夫,poltroon,[pɒlˈtru:n],http://sound.yywz123.com/qsbdcword/p/poltroon.mp3
n.（清楚的）发音；清晰度，咬合,articulation,[ɑ:ˌtɪkjuˈleɪʃn],http://sound.yywz123.com/qsbdcword/a/articulation.mp3
adj.温和的；柔和的；文雅的,suave,[swɑ:v],http://sound.yywz123.com/qsbdcword/s/suave.mp3
n.偏好,predilection,[ˌpri:dɪˈlekʃn],http://sound.yywz123.com/qsbdcword/p/predilection.mp3
adj.行为不检的；n.放荡的人，浪子，肆意挥霍者,profligate,[ˈprɒflɪgət],http://sound.yywz123.com/qsbdcword/p/profligate.mp3
n.赔偿；恢复原状,restitution,[ˌrestɪˈtju:ʃn],http://sound.yywz123.com/qsbdcword/r/restitution.mp3
adj.该受责备的,reprehensible,[ˌreprɪˈhensəbl],http://sound.yywz123.com/qsbdcword/r/reprehensible.mp3
n.暂缓执行（死刑）；v.缓期执行；给…带来缓解,reprieve,[rɪˈpri:v],http://sound.yywz123.com/qsbdcword/r/reprieve.mp3
n.侍从；随员,retinue,[ˈretɪnju:],http://sound.yywz123.com/qsbdcword/r/retinue.mp3
n.偶然发现物品之才能；意外新发现,serendipity,[ˌserənˈdɪpəti],http://sound.yywz123.com/qsbdcword/s/serendipity.mp3
adj.能笑的；可笑的,risible,[ˈrɪzəbl],http://sound.yywz123.com/qsbdcword/r/risible.mp3
adj.似是而非的；adv.似是而非地,specious,[ˈspi:ʃəs],http://sound.yywz123.com/qsbdcword/s/specious.mp3
adj.虚饰的；夸张的,stilted,[ˈstɪltɪd],http://sound.yywz123.com/qsbdcword/s/stilted.mp3
vt. 切开；切断 vi. 分离；断开；n.分离，分开,sunder,[ˈsʌndə(r)],http://sound.yywz123.com/qsbdcword/s/sunder.mp3
vt. 恳求，哀求；恳请 vi. 哀求；恳请；祈求；adv.祈求地，哀求地，恳求地,supplicate,['sʌplɪkeɪt],http://sound.yywz123.com/qsbdcword/s/supplicate.mp3
vi. 谄媚 vt. 谄媚 n. 谄媚者,toady,[ˈtəʊdi],http://sound.yywz123.com/qsbdcword/t/toady.mp3
adj.阿谀奉承的,sycophantic,[ˌsɪkə'fæntɪk],http://sound.yywz123.com/qsbdcword/s/sycophantic.mp3
vt.修短；截掉,truncate,[trʌŋˈkeɪt],http://sound.yywz123.com/qsbdcword/t/truncate.mp3
adj.谩骂的；斥责的,vituperative,[vɪ'tju:pərətɪv],http://sound.yywz123.com/qsbdcword/v/vituperative.mp3
n.意志；决意,volition,[vəˈlɪʃn],http://sound.yywz123.com/qsbdcword/v/volition.mp3
n.崇拜者；爱好者；adj.誓约的，立誓任圣职的,votary,[ˈvəʊtəri],http://sound.yywz123.com/qsbdcword/v/votary.mp3
vi. 即兴演奏或演说；临时凑合 vt. 即兴演奏或演说；当场作成,extemporize,[ɪkˈstempəraɪz],http://sound.yywz123.com/qsbdcword/e/extemporize.mp3
n.心胸狭窄；孤立；偏狭；岛国根性,insularity,[ˌɪnsjʊ'lærətɪ],http://sound.yywz123.com/qsbdcword/i/insularity.mp3
adj.严苛的；苛刻的；严酷的；龙一样的,draconian,[drəˈkəʊniən],http://sound.yywz123.com/qsbdcword/d/draconian.mp3
n.忘恩负义,ingratitude,[ɪnˈgrætɪtju:d],http://sound.yywz123.com/qsbdcword/i/ingratitude.mp3
n.绰号,sobriquet,[ˈsəʊbrɪkeɪ],http://sound.yywz123.com/qsbdcword/s/sobriquet.mp3
adv.匿名地；n.隐姓埋名；adj.化装的，用假名的，隐匿姓名身份的,incognito,[ˌɪnkɒgˈni:təʊ],http://sound.yywz123.com/qsbdcword/i/incognito.mp3
adj.反复无常的；变化自如的,protean,[ˈprəʊtiən],http://sound.yywz123.com/qsbdcword/p/protean.mp3
n.广场；走廊,piazza,[piˈætsə],http://sound.yywz123.com/qsbdcword/p/piazza.mp3
n.（象的）长鼻,proboscis,[prəˈbɒsɪs],http://sound.yywz123.com/qsbdcword/p/proboscis.mp3
adj.哀恳的；n.恳求者，哀求者,suppliant,['sʌplɪənt],http://sound.yywz123.com/qsbdcword/s/suppliant.mp3
n.出处；起源,provenance,[ˈprɒvənəns],http://sound.yywz123.com/qsbdcword/p/provenance.mp3
adj.应得的，相当的,condign,[kənˈdaɪn],http://sound.yywz123.com/qsbdcword/c/condign.mp3
adj.冷酷的，严厉的；（岩石）嶙峋的；顽强不屈,dour,[ˈdaʊə(r)],http://sound.yywz123.com/qsbdcword/d/dour.mp3
adj.婚姻的，婚姻性的,conjugal,[ˈkɒndʒəgl],http://sound.yywz123.com/qsbdcword/c/conjugal.mp3
vt. 赎罪；补偿 vi. 赎罪；补偿,expiate,[ˈekspieɪt],http://sound.yywz123.com/qsbdcword/e/expiate.mp3
vi.闪亮，闪光,coruscate,[ˈkɒrəskeɪt],http://sound.yywz123.com/qsbdcword/c/coruscate.mp3
adj.疯狂的；拥有的，占有的,possessed,[pəˈzest],http://sound.yywz123.com/qsbdcword/p/possessed.mp3
adj.易激动的，轻佻的,skittish,[ˈskɪtɪʃ],http://sound.yywz123.com/qsbdcword/s/skittish.mp3
adj.想睡的，催眠的；adv.瞌睡地；昏昏欲睡地；使人瞌睡地,somnolent,[ˈsɒmnələnt],http://sound.yywz123.com/qsbdcword/s/somnolent.mp3
adj.突出的，隆起的,protuberant,[prəˈtju:bərənt],http://sound.yywz123.com/qsbdcword/p/protuberant.mp3
adj.一知半解的；大学或四年制中学的二年级的,sophomoric,[ˌsɒfə'mɒrɪk],http://sound.yywz123.com/qsbdcword/s/sophomoric.mp3
adj.好色的，淫乱的,prurient,[ˈprʊəriənt],http://sound.yywz123.com/qsbdcword/p/prurient.mp3
n..雾号（浓雾信号）,foghorn,[ˈfɒghɔ:n],http://sound.yywz123.com/qsbdcword/f/foghorn.mp3
"adj.铁磁的, 铁磁体",ferromagnetic,[ˌferəʊmægˈnetɪk],http://sound.yywz123.com/qsbdcword/f/ferromagnetic.mp3
adj.活泼的，欢闹的；n.活泼，闹着玩；adv.活泼地，闹着玩地,frisky,[ˈfrɪski],http://sound.yywz123.com/qsbdcword/f/frisky.mp3
vt.使…不活跃,inactivate,[ɪn'æktɪveɪt],http://sound.yywz123.com/qsbdcword/i/inactivate.mp3
adj.锯齿状的，高低不平的；缩进排版,indented,[ɪnˈdentɪd],http://sound.yywz123.com/qsbdcword/i/indented.mp3
n.不尊敬,irreverence,[ɪ'revərəns],http://sound.yywz123.com/qsbdcword/i/irreverence.mp3
adj.单色的，一色的,monochromatic,[ˌmɒnəkrə'mætɪk],http://sound.yywz123.com/qsbdcword/m/monochromatic.mp3
vi. 过滤；渗出；浸透 vt. 使渗出；使过滤 n. 滤过液；渗出液,percolate,[ˈpɜ:kəleɪt],http://sound.yywz123.com/qsbdcword/p/percolate.mp3
n.瘟疫,pestilence,[ˈpestɪləns],http://sound.yywz123.com/qsbdcword/p/pestilence.mp3
adj.顺从的；可弯曲的,pliant,[ˈplaɪənt],http://sound.yywz123.com/qsbdcword/p/pliant.mp3
n.肖像画法,portraiture,[ˈpɔ:trətʃə(r)],http://sound.yywz123.com/qsbdcword/p/portraiture.mp3
n.饰演；描画,portrayal,[pɔ:ˈtreɪəl],http://sound.yywz123.com/qsbdcword/p/portrayal.mp3
n.编组团队；系统化，组织化,regimentation,[ˌredʒɪmen'teɪʃn],http://sound.yywz123.com/qsbdcword/r/regimentation.mp3
n.表现，描写,rendering,[ˈrendərɪŋ],http://sound.yywz123.com/qsbdcword/r/rendering.mp3
n.硅酸盐,silicate,[ˈsɪlɪkeɪt],http://sound.yywz123.com/qsbdcword/s/silicate.mp3
n.（食物等）变质，损坏,spoilage,[ˈspɔɪlɪdʒ],http://sound.yywz123.com/qsbdcword/s/spoilage.mp3
adj.多刺的，刺状的；n.多刺的东西,spiny,[ˈspaɪni],http://sound.yywz123.com/qsbdcword/s/spiny.mp3
n.公共马车,stagecoach,[ˈsteɪdʒkəʊtʃ],http://sound.yywz123.com/qsbdcword/s/stagecoach.mp3
adj.沼泽的，湿地的,swampy,['swɒmpɪ],http://sound.yywz123.com/qsbdcword/s/swampy.mp3
n.共生（关系），共栖,symbiosis,[ˌsɪmbaɪˈəʊsɪs],http://sound.yywz123.com/qsbdcword/s/symbiosis.mp3
vt.假定，认为,posit,[ˈpɒzɪt],http://sound.yywz123.com/qsbdcword/p/posit.mp3
n. 撅嘴；生气 vt. 撅嘴 vi. 撅嘴,pout,[paʊt],http://sound.yywz123.com/qsbdcword/p/pout.mp3
adj.退行的，逆行的，后退的，隐性的,recessive,[rɪˈsesɪv],http://sound.yywz123.com/qsbdcword/r/recessive.mp3
vt.研磨成粉；摧毁,pulverize,[ˈpʌlvəraɪz],http://sound.yywz123.com/qsbdcword/p/pulverize.mp3
n.再起，复活，再现,resurgence,[rɪˈsɜ:dʒəns],http://sound.yywz123.com/qsbdcword/r/resurgence.mp3
n.页岩，泥板岩,shale,[ʃeɪl],http://sound.yywz123.com/qsbdcword/s/shale.mp3
n.口角，掌击；v.发出呼噜呼噜声,spat,[spæt],http://sound.yywz123.com/qsbdcword/s/spat.mp3
n.（法律）传票；v.传讯,subpoena,[səˈpi:nə],http://sound.yywz123.com/qsbdcword/s/subpoena.mp3
n.止血器，绞压器，驱血带,tourniquet,[ˈtʊənɪkeɪ],http://sound.yywz123.com/qsbdcword/t/tourniquet.mp3
n.全等，一致,congruity,[kən'gru:ɪtɪ],http://sound.yywz123.com/qsbdcword/c/congruity.mp3
adj.不恭的，不敬的,discourteous,[dɪsˈkɜ:tiəs],http://sound.yywz123.com/qsbdcword/d/discourteous.mp3
n.乌贼，墨鱼,cuttlefish,[ˈkʌtlfɪʃ],http://sound.yywz123.com/qsbdcword/c/cuttlefish.mp3
n.柏树,cypress,[ˈsaɪprəs],http://sound.yywz123.com/qsbdcword/c/cypress.mp3
vt. 插入水中；弄湿；弄熄；急速收帆；脱掉（衣鞋等） vi. 浸泡 n. 泼洒,douse,[daʊs],http://sound.yywz123.com/qsbdcword/d/douse.mp3
n.高脚酒杯,goblet,[ˈgɒblət],http://sound.yywz123.com/qsbdcword/g/goblet.mp3
n.凝血，血污；v.（动物）用角撞伤，用牙刺破；缝以补裆；顶,gore,[gɔ:(r)],http://sound.yywz123.com/qsbdcword/g/gore.mp3
n.土狼，鬣狗,hyena,[haɪ'i:nə],http://sound.yywz123.com/qsbdcword/h/hyena.mp3
n.无意义，无聊,inanity,[ɪ'nænətɪ],http://sound.yywz123.com/qsbdcword/i/inanity.mp3
adj.值得称赞的,commendable,[kəˈmendəbl],http://sound.yywz123.com/qsbdcword/c/commendable.mp3
adj.不可指责的，无过失的,irreproachable,[ˌɪrɪˈprəʊtʃəbl],http://sound.yywz123.com/qsbdcword/i/irreproachable.mp3
n.虹膜，彩虹,iris,[ˈaɪrɪs],http://sound.yywz123.com/qsbdcword/i/iris.mp3
n.（房地产的）租户,lessee,[leˈsi:],http://sound.yywz123.com/qsbdcword/l/lessee.mp3
n.深谋远虑，天道，天意；远见；节约；上帝,providence,[ˈprɒvɪdəns],http://sound.yywz123.com/qsbdcword/p/providence.mp3
n.臭鼬，黄鼠狼；v.使惨败，使得零分；烂醉如泥,skunk,[skʌŋk],http://sound.yywz123.com/qsbdcword/s/skunk.mp3
n.特技演员,stuntman,[ˈstʌntmæn],http://sound.yywz123.com/qsbdcword/s/stuntman.mp3
n.礼服，无尾礼服,tuxedo,[tʌkˈsi:dəʊ],http://sound.yywz123.com/qsbdcword/t/tuxedo.mp3
adj.焦虑不安的，紧张的,uptight,[ˌʌpˈtaɪt],http://sound.yywz123.com/qsbdcword/u/uptight.mp3
n.红鹳，火烈鸟,flamingo,[fləˈmɪŋgəʊ],http://sound.yywz123.com/qsbdcword/f/flamingo.mp3
adj.地质的,geologic,[dʒiəˈlɔdʒik],http://sound.yywz123.com/qsbdcword/g/geologic.mp3
n.山楂,hawthorn,[ˈhɔ:θɔ:n],http://sound.yywz123.com/qsbdcword/h/hawthorn.mp3
n.美洲豹,puma,[ˈpju:mə],http://sound.yywz123.com/qsbdcword/p/puma.mp3
n. 裂缝，破口；v.使有裂缝,crevasse,[krəˈvæs],http://sound.yywz123.com/qsbdcword/c/crevasse.mp3
adj. 独裁的，专断的,dictatorial,[ˌdɪktəˈtɔ:riəl],http://sound.yywz123.com/qsbdcword/d/dictatorial.mp3
adj.磨损的；v.连续猛击；磨损,battered,[ˈbætəd],http://sound.yywz123.com/qsbdcword/b/battered.mp3
n.拯救者，救星,saviour,[ˈseɪvjə(r)],http://sound.yywz123.com/qsbdcword/s/saviour.mp3
adj.高山的；n.高山植物,alpine,[ˈælpaɪn],http://sound.yywz123.com/qsbdcword/a/alpine.mp3
n.鼓动者；搅拌器,agitator,[ˈædʒɪteɪtə(r)],http://sound.yywz123.com/qsbdcword/a/agitator.mp3
n.旋转式行李输送带,carousel,[ˌkærəˈsel],http://sound.yywz123.com/qsbdcword/c/carousel.mp3
n.弹劾；控告；怀疑,impeachment,[ɪm'pi:tʃmənt],http://sound.yywz123.com/qsbdcword/i/impeachment.mp3
n.丁香味,clove,[kləʊv],http://sound.yywz123.com/qsbdcword/c/clove.mp3
n.秘密会议，红衣主教团,conclave,[ˈkɒŋkleɪv],http://sound.yywz123.com/qsbdcword/c/conclave.mp3
n.彬彬有礼，殷勤，柔顺,complaisance,[kəm'pleɪzəns],http://sound.yywz123.com/qsbdcword/c/complaisance.mp3
adj.不自然的，做作的；虚构的,contrived,[kənˈtraɪvd],http://sound.yywz123.com/qsbdcword/c/contrived.mp3
n.象征丰收的羊角,cornucopia,[ˌkɔ:njuˈkəʊpiə],http://sound.yywz123.com/qsbdcword/c/cornucopia.mp3
n.谜语；难题,conundrum,[kəˈnʌndrəm],http://sound.yywz123.com/qsbdcword/c/conundrum.mp3
adj.肉体的，身体的；物质的,corporeal,[kɔ:ˈpɔ:riəl],http://sound.yywz123.com/qsbdcword/c/corporeal.mp3
vi.康复，复原,convalesce,[ˌkɒnvəˈles],http://sound.yywz123.com/qsbdcword/c/convalesce.mp3
adj.会聚的,convergent,[kən'vɜ:dʒənt],http://sound.yywz123.com/qsbdcword/c/convergent.mp3
vt.宠爱，溺爱,cosset,[ˈkɒsɪt],http://sound.yywz123.com/qsbdcword/c/cosset.mp3
adj.毗连的，有共同边界的,coterminous,[kəʊˈtɜ:mɪnəs],http://sound.yywz123.com/qsbdcword/c/coterminous.mp3
n.任人唯亲，对好朋友的偏袒,cronyism,[ˈkrəʊniɪzəm],http://sound.yywz123.com/qsbdcword/c/cronyism.mp3
vt. 瞒；欺骗 vi. 瞒；欺骗,cozen,['kʌzn],http://sound.yywz123.com/qsbdcword/c/cozen.mp3
vi. 凝固 vt. 使凝结,curdle,[ˈkɜ:dl],http://sound.yywz123.com/qsbdcword/c/curdle.mp3
adj. 民众的，通俗的；n.（古埃及）通俗文字,demotic,[dɪˈmɒtɪk],http://sound.yywz123.com/qsbdcword/d/demotic.mp3
n.敏捷，活泼,briskness,['brɪsknəs],http://sound.yywz123.com/qsbdcword/b/briskness.mp3
n.狒狒,baboon,[bəˈbu:n],http://sound.yywz123.com/qsbdcword/b/baboon.mp3
n.俗话，白话，口语,colloquialism,[kəˈləʊkwiəlɪzəm],http://sound.yywz123.com/qsbdcword/c/colloquialism.mp3
n.秃鹰；秃鹰金币,condor,[ˈkɒndɔ:(r)],http://sound.yywz123.com/qsbdcword/c/condor.mp3
n.甲壳动物；adj.甲壳纲的,crustacean,[krʌˈsteɪʃn],http://sound.yywz123.com/qsbdcword/c/crustacean.mp3
adj.确立的，不容易改的(风俗习惯),entrenched,[ɪn'trentʃt],http://sound.yywz123.com/qsbdcword/e/entrenched.mp3
n.极小的东西；小铜币,mite,[maɪt],http://sound.yywz123.com/qsbdcword/m/mite.mp3
n.风采；态度,mien,[mi:n],http://sound.yywz123.com/qsbdcword/m/mien.mp3
adj.威胁的；恫吓的,minatory,[ˈmɪnətəri],http://sound.yywz123.com/qsbdcword/m/minatory.mp3
n.宠仆；宠爱之人,minion,[ˈmɪniən],http://sound.yywz123.com/qsbdcword/m/minion.mp3
n.恨人类的人；厌世者,misanthrope,[ˈmɪsənθrəʊp],http://sound.yywz123.com/qsbdcword/m/misanthrope.mp3
adj.闷热的；adv.（天气）闷热而潮湿地；n.（天气）闷热而潮湿,muggy,[ˈmʌgi],http://sound.yywz123.com/qsbdcword/m/muggy.mp3
adj.精神的；柏拉图（哲学）的,platonic,[pləˈtɒnɪk],http://sound.yywz123.com/qsbdcword/p/platonic.mp3
n.戏弄；挖苦,persiflage,[ˈpɜ:sɪflɑ:ʒ],http://sound.yywz123.com/qsbdcword/p/persiflage.mp3
n.迂儒；卖弄学问的人,pedant,[ˈpednt],http://sound.yywz123.com/qsbdcword/p/pedant.mp3
n.金钱；财物（轻蔑语）,pelf,[pelf],http://sound.yywz123.com/qsbdcword/p/pelf.mp3
n.庸俗的人；adj.市侩的，庸俗的,philistine,[ˈfɪlɪstaɪn],http://sound.yywz123.com/qsbdcword/p/philistine.mp3
n.统治者；君主,potentate,[ˈpəʊtnteɪt],http://sound.yywz123.com/qsbdcword/p/potentate.mp3
n.预兆；恶兆；怪事,portent,[ˈpɔ:tent],http://sound.yywz123.com/qsbdcword/p/portent.mp3
adj.下垂的；摆动的,pendulous,[ˈpendjələs],http://sound.yywz123.com/qsbdcword/p/pendulous.mp3
adj.后悔的；n.后悔者；忏悔者,penitent,[ˈpenɪtənt],http://sound.yywz123.com/qsbdcword/p/penitent.mp3
vi. 掠夺；抢劫 vt. 掠夺；抢劫；n.抢劫，掠夺；掠夺物,pillage,[ˈpɪlɪdʒ],http://sound.yywz123.com/qsbdcword/p/pillage.mp3
n.近地点,perigee,[ˈperɪdʒi:],http://sound.yywz123.com/qsbdcword/p/perigee.mp3
n.炼狱；苦难；adj.净化的，清洗的,purgatory,[ˈpɜ:gətri],http://sound.yywz123.com/qsbdcword/p/purgatory.mp3
n.海角；岬,promontory,[ˈprɒməntri],http://sound.yywz123.com/qsbdcword/p/promontory.mp3
vt. 偷窃 vi. 偷窃,purloin,[pɜ:ˈlɔɪn],http://sound.yywz123.com/qsbdcword/p/purloin.mp3
adj.令人惊奇的，奇妙的；adv.惊人地；异乎寻常地；令人惊叹地,wondrous,[ˈwʌndrəs],http://sound.yywz123.com/qsbdcword/w/wondrous.mp3
n.切除，截去；脱离,abscission,[æb'sɪʒən],http://sound.yywz123.com/qsbdcword/a/abscission.mp3
prep.在…之后；adv.在船尾，向船尾,abaft,[əˈbɑ:ft],http://sound.yywz123.com/qsbdcword/a/abaft.mp3
n.土匪，强盗,brigand,[ˈbrɪgənd],http://sound.yywz123.com/qsbdcword/b/brigand.mp3
n.紫菀属植物,aster,[ˈæstə(r)],http://sound.yywz123.com/qsbdcword/a/aster.mp3
n.辞职；退位,abdication,[ˌæbdɪ'keɪʃn],http://sound.yywz123.com/qsbdcword/a/abdication.mp3
adj.正横着(的),abeam,[ə'bi:m],http://sound.yywz123.com/qsbdcword/a/abeam.mp3
n.初学者；adj.字母的，初步的,abecedarian,[ˌeɪbi:si:'deərɪən],http://sound.yywz123.com/qsbdcword/a/abecedarian.mp3
n.远日点；远核点,aphelion,[æ'fi:lɪən],http://sound.yywz123.com/qsbdcword/a/aphelion.mp3
n.屠宰场，角斗场,abattoir,[ˈæbətwɑ:(r)],http://sound.yywz123.com/qsbdcword/a/abattoir.mp3
adj.饮食有度的，有节制的，禁欲的；n.禁欲者,abstinent,[ˈæbstɪnənt],http://sound.yywz123.com/qsbdcword/a/abstinent.mp3
adj.酸的,acetic,[ə'si:tɪk],http://sound.yywz123.com/qsbdcword/a/acetic.mp3
n.咒语，胡言乱语,abracadabra,[ˌæbrəkəˈdæbrə],http://sound.yywz123.com/qsbdcword/a/abracadabra.mp3
n.删节，节本,abridgment,[ə'brɪdʒmənt],http://sound.yywz123.com/qsbdcword/a/abridgment.mp3
n.默许；顺从,acquiescence,[ˌækwiˈesns],http://sound.yywz123.com/qsbdcword/a/acquiescence.mp3
n.天线；触角,antennae,[ænˈteni:],http://sound.yywz123.com/qsbdcword/a/antennae.mp3
n.盗窃癖,kleptomania,[ˌkleptəˈmeɪniə],http://sound.yywz123.com/qsbdcword/k/kleptomania.mp3
adj.唇的；唇音的；n.唇音，风琴管,labial,[ˈleɪbiəl],http://sound.yywz123.com/qsbdcword/l/labial.mp3
n.卑怯之人，懦夫；adj.怯懦的，畏缩的,dastard,['dæstəd],http://sound.yywz123.com/qsbdcword/d/dastard.mp3
adj.千变万化的,kaleidoscopic,[kəˌlaɪdə'skɒpɪk],http://sound.yywz123.com/qsbdcword/k/kaleidoscopic.mp3
n.业余爱好的，不熟练的,amateurish,[ˈæmətərɪʃ],http://sound.yywz123.com/qsbdcword/a/amateurish.mp3
n.吞并，合并,annexation,[ˌænek'seɪʃn],http://sound.yywz123.com/qsbdcword/a/annexation.mp3
vt.分期偿还,amortize,[əˈmɔ:taɪz],http://sound.yywz123.com/qsbdcword/a/amortize.mp3
adj.厌氧的,anaerobic,[ˌæneəˈrəʊbɪk],http://sound.yywz123.com/qsbdcword/a/anaerobic.mp3
n.无痛觉，痛觉丧失,analgesia,[ˌænəlˈdʒi:ziə],http://sound.yywz123.com/qsbdcword/a/analgesia.mp3
n.居先，优先,antecedence,[ˌæntɪ'si:dəns],http://sound.yywz123.com/qsbdcword/a/antecedence.mp3
n.令人扫兴的结局；突降法,anticlimax,[ˌæntiˈklaɪmæks],http://sound.yywz123.com/qsbdcword/a/anticlimax.mp3
n.抗组胺剂,antihistamine,[ˌæntiˈhɪstəmi:n],http://sound.yywz123.com/qsbdcword/a/antihistamine.mp3
n.植物园,arboretum,[ˌɑ:bəˈri:təm],http://sound.yywz123.com/qsbdcword/a/arboretum.mp3
n.含水土层,aquifer,[ˈækwɪfə(r)],http://sound.yywz123.com/qsbdcword/a/aquifer.mp3
n.统治权，支配力量,ascendancy,[ə'sendənsɪ],http://sound.yywz123.com/qsbdcword/a/ascendancy.mp3
n.阿拉伯式花饰；adj.阿拉伯式图案的,arabesque,[ˌærəˈbesk],http://sound.yywz123.com/qsbdcword/a/arabesque.mp3
vt.使调和,attune,[ə'tju:n],http://sound.yywz123.com/qsbdcword/a/attune.mp3
n.占卦师；v.占卦,augur,[ˈɔ:gə(r)],http://sound.yywz123.com/qsbdcword/a/augur.mp3
adj.无调的,atonal,[eɪˈtəʊnl],http://sound.yywz123.com/qsbdcword/a/atonal.mp3
n.（复）仙人掌,cacti,[ˈkæktaɪ],http://sound.yywz123.com/qsbdcword/c/cacti.mp3
adj.使人畏缩的,daunting,[dɔ:ntɪŋ],http://sound.yywz123.com/qsbdcword/d/daunting.mp3
n.（砖、石灰等）窑，炉；v.烧窑,kiln,[kɪln],http://sound.yywz123.com/qsbdcword/k/kiln.mp3
n.桂冠，荣誉,laurels,['lɒrəlz],http://sound.yywz123.com/qsbdcword/l/laurels.mp3
n.特殊习惯，怪癖,mannerism,[ˈmænərɪzəm],http://sound.yywz123.com/qsbdcword/m/mannerism.mp3
adj.奉承的，讨好的,saccharine,[ˈsækəri:n],http://sound.yywz123.com/qsbdcword/s/saccharine.mp3
adj.无神论者的,atheistic,[ˌeɪθɪ'ɪstɪk],http://sound.yywz123.com/qsbdcword/a/atheistic.mp3
vi.空谈，唠叨，瞎扯；n.饶舌，多嘴，爱说话,gab,[gæb],http://sound.yywz123.com/qsbdcword/g/gab.mp3
adj.呆子的，白痴的,oafish,[ˈəʊfɪʃ],http://sound.yywz123.com/qsbdcword/o/oafish.mp3
vi. 背后中伤 vt. 背后诽谤 n. 背后诽谤,backbite,['bækbaɪt],http://sound.yywz123.com/qsbdcword/b/backbite.mp3
n.书法，测径器；测径器,calipers,['kælɪpəz],http://sound.yywz123.com/qsbdcword/c/calipers.mp3
n.吟游诗人,bard,[bɑ:d],http://sound.yywz123.com/qsbdcword/b/bard.mp3
adj.厚颜无耻的，公然的,barefaced,[ˈbeəfeɪst],http://sound.yywz123.com/qsbdcword/b/barefaced.mp3
n. 无表情的,deadpan,[ˈdedpæn],http://sound.yywz123.com/qsbdcword/d/deadpan.mp3
vi. （河川向广阔处）流出；进出于（广阔地方） vt. 使出来；使流注,debouch,[dɪ'bu:ʃ],http://sound.yywz123.com/qsbdcword/d/debouch.mp3
vt.向…询问情况，听取汇报,debrief,[ˌdi:ˈbri:f],http://sound.yywz123.com/qsbdcword/d/debrief.mp3
n. 雄辩，高调,declamation,[ˌdekləˈmeɪʃn],http://sound.yywz123.com/qsbdcword/d/declamation.mp3
n.助手，侍僧,acolyte,[ˈækəlaɪt],http://sound.yywz123.com/qsbdcword/a/acolyte.mp3
vt.凝聚，结块；n.团块；集块岩；（杂乱的）堆积；,agglomerate,[əˈglɒməreɪt],http://sound.yywz123.com/qsbdcword/a/agglomerate.mp3
adj.兴奋的，有强烈兴趣的； adv.渴望地,agog,[əˈgɒg],http://sound.yywz123.com/qsbdcword/a/agog.mp3
adj.雪白的；n.雪花石膏；条纹大理石,alabaster,[ˈæləbɑ:stə(r)],http://sound.yywz123.com/qsbdcword/a/alabaster.mp3
n.补充，附录,addendum,[əˈdendəm],http://sound.yywz123.com/qsbdcword/a/addendum.mp3
n.凹室,alcove,[ˈælkəʊv],http://sound.yywz123.com/qsbdcword/a/alcove.mp3
vt.充气，让空气进入,aerate,[ˈeəreɪt],http://sound.yywz123.com/qsbdcword/a/aerate.mp3
n.审美家,aesthete,[ˈi:sθi:t],http://sound.yywz123.com/qsbdcword/a/aesthete.mp3
adj.微小的；n.微粒，粒子,particulate,[pɑ:ˈtɪkjələt],http://sound.yywz123.com/qsbdcword/p/particulate.mp3
n.石化，化石；吓呆；惊呆,petrifaction,[ˌpetrɪ'fækʃən],http://sound.yywz123.com/qsbdcword/p/petrifaction.mp3
n.开垦；改造；（废料等的）回收,reclamation,[ˌreklə'meɪʃn],http://sound.yywz123.com/qsbdcword/r/reclamation.mp3
adj.雨量非常少的，半干旱的,semiarid,[ˌsemɪ'ærɪd],http://sound.yywz123.com/qsbdcword/s/semiarid.mp3
n.半文盲，有初等文化者,semiliterate,[ˌsemɪ'lɪtərət],http://sound.yywz123.com/qsbdcword/s/semiliterate.mp3
n.单桅帆船,sloop,[slu:p],http://sound.yywz123.com/qsbdcword/s/sloop.mp3
n.拉格泰姆音乐,ragtime,[ˈrægtaɪm],http://sound.yywz123.com/qsbdcword/r/ragtime.mp3
adj.苍白的；光滑的,waxy,[ˈwæksi],http://sound.yywz123.com/qsbdcword/w/waxy.mp3
n.脉络分布；矿脉,veining,[ˈveɪnɪŋ],http://sound.yywz123.com/qsbdcword/v/veining.mp3
n.尊敬，崇拜,veneration,[ˌvenə'reɪʃn],http://sound.yywz123.com/qsbdcword/v/veneration.mp3
n.酸度，酸性,acidity,[əˈsɪdəti],http://sound.yywz123.com/qsbdcword/a/acidity.mp3
n.赤杨树,alder,[ˈɔ:ldə(r)],http://sound.yywz123.com/qsbdcword/a/alder.mp3
n.超链接,hyperlink,[ˈhaɪpəlɪŋk],http://sound.yywz123.com/qsbdcword/h/hyperlink.mp3
adj.焦干的；极渴的；v.（使）焦干,parched,[pɑ:tʃt],http://sound.yywz123.com/qsbdcword/p/parched.mp3
n.欠款,arrear,[ə'rɪə],http://sound.yywz123.com/qsbdcword/a/arrear.mp3
vt.拖累，妨碍；n.妨害；拖累,cumber,['kʌmbə],http://sound.yywz123.com/qsbdcword/c/cumber.mp3
vt. 等待；面临；禁得起 vi. 等待；居住,bide,[baɪd],http://sound.yywz123.com/qsbdcword/b/bide.mp3
n.泄漏,seepage,[ˈsi:pɪdʒ],http://sound.yywz123.com/qsbdcword/s/seepage.mp3
n.职责，义务,incumbency,[ɪnˈkʌmbənsi],http://sound.yywz123.com/qsbdcword/i/incumbency.mp3
n.急迫，危急,imminence,['ɪmɪnəns],http://sound.yywz123.com/qsbdcword/i/imminence.mp3
n.陈腐；平庸；陈词滥调,banality,[bəˈnæləti],http://sound.yywz123.com/qsbdcword/b/banality.mp3
adj.治病的；医疗的；有疗效的　n.药品,curative?,[ˈkjʊərətɪv],http://sound.yywz123.com/qsbdcword/c/curative?.mp3
n.洗冤，证实,vindication,[ˌvɪndɪ'keɪʃn],http://sound.yywz123.com/qsbdcword/v/vindication.mp3
n.邻近，接壤,contiguity,[ˌkɒntɪ'ɡju:ətɪ],http://sound.yywz123.com/qsbdcword/c/contiguity.mp3
n.截肢,amputation,[ˌæmpjʊ'teɪʃn],http://sound.yywz123.com/qsbdcword/a/amputation.mp3
n.逃亡,hegira,['hedʒɪrə],http://sound.yywz123.com/qsbdcword/h/hegira.mp3
n.钟声；v.鸣响,peal,[pi:l],http://sound.yywz123.com/qsbdcword/p/peal.mp3
adj.一年两次的,biannual,[baɪˈænjuəl],http://sound.yywz123.com/qsbdcword/b/biannual.mp3
n.（明示的）意义；指示,denotation,[ˌdi:nəʊˈteɪʃn],http://sound.yywz123.com/qsbdcword/d/denotation.mp3
adj.不同的；种种的,divers,[ˈdaɪvəz],http://sound.yywz123.com/qsbdcword/d/divers.mp3
n.琐事；小曲儿,bagatelle,[ˌbægəˈtel],http://sound.yywz123.com/qsbdcword/b/bagatelle.mp3
n.精密的计时器,chronometer,[krəˈnɒmɪtə(r)],http://sound.yywz123.com/qsbdcword/c/chronometer.mp3
n.密码,cryptogram,['krɪptəʊgræm],http://sound.yywz123.com/qsbdcword/c/cryptogram.mp3
n.宪兵,gendarme,[ˈʒɒndɑ:m],http://sound.yywz123.com/qsbdcword/g/gendarme.mp3
n.同音异义词,homonym,[ˈhɒmənɪm],http://sound.yywz123.com/qsbdcword/h/homonym.mp3
n.威尼斯的平底轻舟；飞船的吊船,gondola,[ˈgɒndələ],http://sound.yywz123.com/qsbdcword/g/gondola.mp3
n.肉片；鱼片,filet,[fɪ'leɪ],http://sound.yywz123.com/qsbdcword/f/filet.mp3
n.专题文章，专题著作,monograph,[ˈmɒnəgrɑ:f],http://sound.yywz123.com/qsbdcword/m/monograph.mp3
n.罪犯,malefactor,[ˈmælɪfæktə(r)],http://sound.yywz123.com/qsbdcword/m/malefactor.mp3
n.戏法，诈术,legerdemain,[ˈledʒədəmeɪn],http://sound.yywz123.com/qsbdcword/l/legerdemain.mp3
n.生物区,biota,[baɪ'əʊtə],http://sound.yywz123.com/qsbdcword/b/biota.mp3
adj.有方格图案的,checkered,['tʃekəd],http://sound.yywz123.com/qsbdcword/c/checkered.mp3
adj.不和谐的；不悦耳的,dissonant,['dɪsənənt],http://sound.yywz123.com/qsbdcword/d/dissonant.mp3
n.异质性；多相性,heterogeneity,[ˌhetərə'dʒə'ni:ətɪ],http://sound.yywz123.com/qsbdcword/h/heterogeneity.mp3
n.沉浸；专心,immersion,[ɪˈmɜ:ʃn],http://sound.yywz123.com/qsbdcword/i/immersion.mp3
n.歌剧团的经理人；乐团指挥,impresario,[ˌɪmprəˈsɑ:riəʊ],http://sound.yywz123.com/qsbdcword/i/impresario.mp3
adj.子午线的；全盛期的,meridian,[məˈrɪdiən],http://sound.yywz123.com/qsbdcword/m/meridian.mp3
adj.柔软的；敏捷的,lissome,['lɪsəm],http://sound.yywz123.com/qsbdcword/l/lissome.mp3
adj.似独块巨石的；整体的,monolithic,[ˌmɒnə'lɪθɪk],http://sound.yywz123.com/qsbdcword/m/monolithic.mp3
adj.礼拜仪式的,liturgical,[lɪ'tɜ:dʒɪkl],http://sound.yywz123.com/qsbdcword/l/liturgical.mp3
n.人种混杂；混血,miscegenation,[ˌmɪsɪdʒəˈneɪʃn],http://sound.yywz123.com/qsbdcword/m/miscegenation.mp3
n.厌恶女人的人,misogynist,[mɪˈsɒdʒɪnɪst],http://sound.yywz123.com/qsbdcword/m/misogynist.mp3
n.不安；内疚,qualms,[kwɑ:lms],http://sound.yywz123.com/qsbdcword/q/qualms.mp3
n.杀父母；杀亲罪,parricide,[ˈpærɪsaɪd],http://sound.yywz123.com/qsbdcword/p/parricide.mp3
n.放逐；排斥,ostracism,[ˈɒstrəsɪzəm],http://sound.yywz123.com/qsbdcword/o/ostracism.mp3
vt.作伪证；使发假誓,perjure,[ˈpɜ:dʒə(r)],http://sound.yywz123.com/qsbdcword/p/perjure.mp3
n.目的论,teleology,[ˌti:liˈɒlədʒi],http://sound.yywz123.com/qsbdcword/t/teleology.mp3
n.十分之一税；v.课什一税，缴什一税,tithe,[taɪð],http://sound.yywz123.com/qsbdcword/t/tithe.mp3
vi. 停滞；淤塞；变萧条 vt. 使淤塞；使沉滞；使萧条,stagnate,[stægˈneɪt],http://sound.yywz123.com/qsbdcword/s/stagnate.mp3
n.悍妇,virago,[vɪˈrɑ:gəʊ],http://sound.yywz123.com/qsbdcword/v/virago.mp3
n.蛛形纲动物,arachnid,[əˈræknɪd],http://sound.yywz123.com/qsbdcword/a/arachnid.mp3
n.不对称；adj.不对称的，不对等的,asymmetry,[ˌeɪ'sɪmətrɪ],http://sound.yywz123.com/qsbdcword/a/asymmetry.mp3
adj.高度吸收的，酗酒的,bibulous,[ˈbɪbjʊləs],http://sound.yywz123.com/qsbdcword/b/bibulous.mp3
n.深红色，洋红色,carmine,[ˈkɑ:maɪn],http://sound.yywz123.com/qsbdcword/c/carmine.mp3
n.教士，基督教会；adj.神职者的，牧师的，教会的,ecclesiastic,[ɪˌkli:ziˈæstɪk],http://sound.yywz123.com/qsbdcword/e/ecclesiastic.mp3
n.沙文主义者,chauvinist,[ˈʃəʊvɪnɪst],http://sound.yywz123.com/qsbdcword/c/chauvinist.mp3
adj.枝节的，离题的,digressive,[daɪ'gresɪv],http://sound.yywz123.com/qsbdcword/d/digressive.mp3
n.由于，靠；凹坑,dint,[dɪnt],http://sound.yywz123.com/qsbdcword/d/dint.mp3
n.谈话，自由讨论,colloquy,[ˈkɒləkwi],http://sound.yywz123.com/qsbdcword/c/colloquy.mp3
adj.疏远的，分离的,estranged,[ɪˈstreɪndʒd],http://sound.yywz123.com/qsbdcword/e/estranged.mp3
n.地名索引,gazetteer,[ˌgæzəˈtɪə(r)],http://sound.yywz123.com/qsbdcword/g/gazetteer.mp3
adj.贪吃的，贪婪的,gluttonous,['ɡlʌtənəs],http://sound.yywz123.com/qsbdcword/g/gluttonous.mp3
adj.气量狭小的，吝啬的,illiberal,[ɪˈlɪbərəl],http://sound.yywz123.com/qsbdcword/i/illiberal.mp3
n.冒名顶替，欺骗,imposture,[ɪmˈpɒstʃə(r)],http://sound.yywz123.com/qsbdcword/i/imposture.mp3
n.恶行，欺诈的行为,knavery,['neɪvərɪ],http://sound.yywz123.com/qsbdcword/k/knavery.mp3
adj.权谋的，狡诈的,machiavellian,[ˌmækɪə'velɪən],http://sound.yywz123.com/qsbdcword/m/machiavellian.mp3
adj.威风的，有权威的；adv.威严地,magisterial,[ˌmædʒɪˈstɪəriəl],http://sound.yywz123.com/qsbdcword/m/magisterial.mp3
n.疑惑，不确定,incertitude,[ɪn'sɜ:tɪtju:d],http://sound.yywz123.com/qsbdcword/i/incertitude.mp3
adj.败坏名誉的，诽谤性的,libelous,['laɪbələs],http://sound.yywz123.com/qsbdcword/l/libelous.mp3
adj.木质的，木头的,ligneous,['lɪgnɪəs],http://sound.yywz123.com/qsbdcword/l/ligneous.mp3
n.拼字法，拼字式,orthography,[ɔ:ˈθɒgrəfi],http://sound.yywz123.com/qsbdcword/o/orthography.mp3
n.供应过量；v.过度供给,oversupply,['əʊvəsə'plaɪ],http://sound.yywz123.com/qsbdcword/o/oversupply.mp3
n.纵火狂,pyromania,[ˌpaɪrəʊˈmeɪniə],http://sound.yywz123.com/qsbdcword/p/pyromania.mp3
n.圆形建筑物；圆厅,rotunda,[rəʊˈtʌndə],http://sound.yywz123.com/qsbdcword/r/rotunda.mp3
n.焦虑,solicitude,[səˈlɪsɪtju:d],http://sound.yywz123.com/qsbdcword/s/solicitude.mp3
adj.舞蹈的；n.舞蹈家,terpsichorean,[ˌtɜ:psɪkəˈri:ən],http://sound.yywz123.com/qsbdcword/t/terpsichorean.mp3
adj.戏曲的；n.演员；悲剧演员,thespian,[ˈθespiən],http://sound.yywz123.com/qsbdcword/t/thespian.mp3
n.假发,toupee,[ˈtu:peɪ],http://sound.yywz123.com/qsbdcword/t/toupee.mp3
n.真实性,verity,[ˈverəti],http://sound.yywz123.com/qsbdcword/v/verity.mp3
adj.美味的,ambrosial,[æm'brəʊʒɪəl],http://sound.yywz123.com/qsbdcword/a/ambrosial.mp3
adj.曙光的；玫瑰色的,auroral,[ɔ:'rɔ:rəl],http://sound.yywz123.com/qsbdcword/a/auroral.mp3
adj.缓慢的；n.柔板；慢板；adv.缓慢地,adagio,[əˈdɑ:dʒiəʊ],http://sound.yywz123.com/qsbdcword/a/adagio.mp3
adj. 快速而活泼的；n.快板；adv.活泼地,allegro,[əˈlegrəʊ],http://sound.yywz123.com/qsbdcword/a/allegro.mp3
n.…迷；运动迷,aficionado,[əˌfɪʃəˈnɑ:dəʊ],http://sound.yywz123.com/qsbdcword/a/aficionado.mp3
adj.多情的；有关爱情的,amorous,[ˈæmərəs],http://sound.yywz123.com/qsbdcword/a/amorous.mp3
n.流氓；v.游手好闲,rogue,[rəʊg],http://sound.yywz123.com/qsbdcword/r/rogue.mp3
n.皮带；皮鞭；v.装皮带,thong,[θɒŋ],http://sound.yywz123.com/qsbdcword/t/thong.mp3
n.滑膛枪,musket,[ˈmʌskɪt],http://sound.yywz123.com/qsbdcword/m/musket.mp3
adj.无礼的；俊俏的；活泼的,saucy,[ˈsɔ:si],http://sound.yywz123.com/qsbdcword/s/saucy.mp3
n.一群,bevy,[ˈbevi],http://sound.yywz123.com/qsbdcword/b/bevy.mp3
n.系铃的公羊，前导，领导者，群众的首领,bellwether,[ˈbelweðə(r)],http://sound.yywz123.com/qsbdcword/b/bellwether.mp3
n.警告； 防止误解的说明,caveat,[ˈkæviæt],http://sound.yywz123.com/qsbdcword/c/caveat.mp3
vi.腾跃,cavort,[kəˈvɔ:t],http://sound.yywz123.com/qsbdcword/c/cavort.mp3
n.（社交上令人不快的）失言，失态,gaffe,[gæf],http://sound.yywz123.com/qsbdcword/g/gaffe.mp3
n.沸腾，热情，热情洋溢,ebullience,[ɪ'bʊlɪəns],http://sound.yywz123.com/qsbdcword/e/ebullience.mp3
n.梯队；组织系统中的等级；v.排成梯队,echelon,[ˈeʃəlɒn],http://sound.yywz123.com/qsbdcword/e/echelon.mp3
n.哀歌，挽歌,elegy,[ˈelədʒi],http://sound.yywz123.com/qsbdcword/e/elegy.mp3
n.精英论，优秀人士统治,elitism,[eɪˈli:tɪzəm],http://sound.yywz123.com/qsbdcword/e/elitism.mp3
n.林间空地，一片表面有草的沼泽低地,glade,[gleɪd],http://sound.yywz123.com/qsbdcword/g/glade.mp3
n.妨碍议事，阻挠；v.阻挠,filibuster,[ˈfɪlɪbʌstə(r)],http://sound.yywz123.com/qsbdcword/f/filibuster.mp3
n.金银丝做的工艺品；v.用金银细丝饰品装饰；用华而不实的饰品装饰；adj.金银细丝工艺的,filigree,[ˈfɪlɪgri:],http://sound.yywz123.com/qsbdcword/f/filigree.mp3
n.边缘，轮缘，凸缘，法兰,flange,[flændʒ],http://sound.yywz123.com/qsbdcword/f/flange.mp3
n.干扰；误操作，小故障,glitch,[glɪtʃ],http://sound.yywz123.com/qsbdcword/g/glitch.mp3
vt.给…壮胆，鼓励,embolden,[ɪmˈbəʊldən],http://sound.yywz123.com/qsbdcword/e/embolden.mp3
adj．愉快的，满足的；adv.心满意足地，洋洋得意地；n.心满意足；洋洋得意,jaunty,[ˈdʒɔ:nti],http://sound.yywz123.com/qsbdcword/j/jaunty.mp3
vi. 抖动，[电子] 跳动；战战兢兢；神经过敏 vt. 紧张地说；使…惶恐不安 n. 振动，剧跳；紧张不安,jitter,['dʒɪtə],http://sound.yywz123.com/qsbdcword/j/jitter.mp3
n.顽童,imp,[ɪmp],http://sound.yywz123.com/qsbdcword/i/imp.mp3
adj.有结的，多节的，多瘤的，棘手的,knotty,[ˈnɒti],http://sound.yywz123.com/qsbdcword/k/knotty.mp3
adj.整洁的，漂亮的,natty,[ˈnæti],http://sound.yywz123.com/qsbdcword/n/natty.mp3
vi.装病以逃避工作,malinger,[məˈlɪŋgə(r)],http://sound.yywz123.com/qsbdcword/m/malinger.mp3
adj.偶然的,adventitious,[ˌædvenˈtɪʃəs],http://sound.yywz123.com/qsbdcword/a/adventitious.mp3
n.极长的时间；永久,aeon,[ˈi:ən],http://sound.yywz123.com/qsbdcword/a/aeon.mp3
n.不敬；不孝,impiety,[ɪm'paɪətɪ],http://sound.yywz123.com/qsbdcword/i/impiety.mp3
n.农学家,agronomist,[əˈgrɒnəmɪst],http://sound.yywz123.com/qsbdcword/a/agronomist.mp3
n.神的食物；蜂食,ambrosia,[æmˈbrəʊziə],http://sound.yywz123.com/qsbdcword/a/ambrosia.mp3
adj.极端的；最大的,arrant,[ˈærənt],http://sound.yywz123.com/qsbdcword/a/arrant.mp3
n.禁欲主义,asceticism,[ə'setɪsɪzəm],http://sound.yywz123.com/qsbdcword/a/asceticism.mp3
adj.灰的,ashen,[ˈæʃn],http://sound.yywz123.com/qsbdcword/a/ashen.mp3
adv.斜地；adj.歪斜的,askew,[əˈskju:],http://sound.yywz123.com/qsbdcword/a/askew.mp3
vt.郑重声明；（严正地）宣称；断言,asseverate,[ə'sevəreɪt],http://sound.yywz123.com/qsbdcword/a/asseverate.mp3
n.悲欢；悲诉,jeremiad,[ˌdʒerɪˈmaɪæd],http://sound.yywz123.com/qsbdcword/j/jeremiad.mp3
n.极端之爱国主义,jingoism,[ˈdʒɪŋgəʊɪzəm],http://sound.yywz123.com/qsbdcword/j/jingoism.mp3
adj.不在意的,insouciant,[ɪn'su:sɪənt],http://sound.yywz123.com/qsbdcword/i/insouciant.mp3
n.皮肤,integument,[ɪn'tegjʊmənt],http://sound.yywz123.com/qsbdcword/i/integument.mp3
vt.限制；禁止；n.正式禁止；禁令,interdict,[ˈɪntədɪkt],http://sound.yywz123.com/qsbdcword/i/interdict.mp3
n.俗人；门外汉,laity,[ˈleɪəti],http://sound.yywz123.com/qsbdcword/l/laity.mp3
n.妥协的态度；强硬,intransigence,[ɪn'trænsɪdʒəns],http://sound.yywz123.com/qsbdcword/i/intransigence.mp3
n.宝石匠；adj.宝石的；简洁优雅的,lapidary,[ˈlæpɪdəri],http://sound.yywz123.com/qsbdcword/l/lapidary.mp3
vi.痛骂,inveigh,[ɪnˈveɪ],http://sound.yywz123.com/qsbdcword/i/inveigh.mp3
adj.好色的；淫邪的,lecherous,[ˈletʃərəs],http://sound.yywz123.com/qsbdcword/l/lecherous.mp3
n.无谓的重复；恒真命题,tautology,[tɔ:ˈtɒlədʒi],http://sound.yywz123.com/qsbdcword/t/tautology.mp3
v.使充分满足,sate,[seɪt],http://sound.yywz123.com/qsbdcword/s/sate.mp3
adj.精选的；罕有的,recherche,[rəˈʃeəʃeɪ],http://sound.yywz123.com/qsbdcword/r/recherche.mp3
vi.闪烁火光；放出火花,scintillate,['sɪntɪleɪt],http://sound.yywz123.com/qsbdcword/s/scintillate.mp3
n.泥龟；鳖,terrapin,[ˈterəpɪn],http://sound.yywz123.com/qsbdcword/t/terrapin.mp3
n.神权政治；僧侣政治,theocracy,[θiˈɒkrəsi],http://sound.yywz123.com/qsbdcword/t/theocracy.mp3
adj.自负的；夸大的,vainglorious,[ˌveɪnˈglɔ:riəs],http://sound.yywz123.com/qsbdcword/v/vainglorious.mp3
n.病人；健康不佳者,valetudinarian,['vælɪˌtju:dɪ'neərɪən],http://sound.yywz123.com/qsbdcword/v/valetudinarian.mp3
vi.无所事事地过活,vegetate,[ˈvedʒəteɪt],http://sound.yywz123.com/qsbdcword/v/vegetate.mp3
n.（药）膏；润滑剂；滑油,unguent,[ˈʌŋgwənt],http://sound.yywz123.com/qsbdcword/u/unguent.mp3
n.冗词；冗长,verbiage,[ˈvɜ:biɪdʒ],http://sound.yywz123.com/qsbdcword/v/verbiage.mp3
n.铜锈；铜绿,verdigris,[ˈvɜ:dɪgri:],http://sound.yywz123.com/qsbdcword/v/verdigris.mp3
n.乡下人；农夫,yokel,[ˈjəʊkl],http://sound.yywz123.com/qsbdcword/y/yokel.mp3
n.篡位；霸占,usurpation,[ˌju:zɜ:'peɪʃn],http://sound.yywz123.com/qsbdcword/u/usurpation.mp3
n.食物；食品,victuals,[ˈvɪtlz],http://sound.yywz123.com/qsbdcword/v/victuals.mp3
vi. 钙化；变成石灰质 vt. 使钙化；使思想僵化,calcify,[ˈkælsɪfaɪ],http://sound.yywz123.com/qsbdcword/c/calcify.mp3
vt.欺骗，隐瞒,bamboozle,[bæmˈbu:zl],http://sound.yywz123.com/qsbdcword/b/bamboozle.mp3
n.同志之爱，友情,camaraderie,[ˌkæməˈrɑ:dəri],http://sound.yywz123.com/qsbdcword/c/camaraderie.mp3
adj.平凡的，陈腐的，顿降的,bathetic,[bə'θetɪk],http://sound.yywz123.com/qsbdcword/b/bathetic.mp3
n.交战，好战性，斗争性,belligerence,[bə'lɪdʒərəns],http://sound.yywz123.com/qsbdcword/b/belligerence.mp3
adj.庄严的，神圣的,numinous,[ˈnju:mɪnəs],http://sound.yywz123.com/qsbdcword/n/numinous.mp3
adj.过时的，难管束的,obsolescent,[ˌɒbsə'lesnt],http://sound.yywz123.com/qsbdcword/o/obsolescent.mp3
n.迂腐，卖弄学问,pedantry,[ˈpedntri],http://sound.yywz123.com/qsbdcword/p/pedantry.mp3
adj.易怒的，坏脾气的,peevish,[ˈpi:vɪʃ],http://sound.yywz123.com/qsbdcword/p/peevish.mp3
n.鸟类学家,ornithologist,[ˌɔ:nɪˈθɒlədʒɪst],http://sound.yywz123.com/qsbdcword/o/ornithologist.mp3
"n. 诽谤，（对某人容貌、性格等所进行的）人身攻击； 人身攻击；人格, 个性, 名人( personality的名词复数 )",personalities,[ˌpɜ:sə'nælɪtɪz],http://sound.yywz123.com/qsbdcword/p/personalities.mp3
adj.易怒的，使性子的,pettish,[ˈpetɪʃ],http://sound.yywz123.com/qsbdcword/p/pettish.mp3
adj.讨厌的，冒犯人的,rebarbative,[rɪˈbɑ:bətɪv],http://sound.yywz123.com/qsbdcword/r/rebarbative.mp3
adj.自以为是的，武断的,pontifical,[pɒnˈtɪfɪkl],http://sound.yywz123.com/qsbdcword/p/pontifical.mp3
adj.有疤的，粗糙的,scabrous,[ˈskeɪbrəs],http://sound.yywz123.com/qsbdcword/s/scabrous.mp3
vt.使化身，转生；adj.转世化身的,reincarnate,[ˌri:ɪnˈkɑ:neɪt],http://sound.yywz123.com/qsbdcword/r/reincarnate.mp3
adj.新生的,renascent,[rɪ'neɪsnt],http://sound.yywz123.com/qsbdcword/r/renascent.mp3
adj.离题的，切线的,tangential,[tænˈdʒenʃl],http://sound.yywz123.com/qsbdcword/t/tangential.mp3
n.游记；旅行见闻,travelogue,[ˈtrævəlɒg],http://sound.yywz123.com/qsbdcword/t/travelogue.mp3
n.食品，食物,viands,['vaɪəndz],http://sound.yywz123.com/qsbdcword/v/viands.mp3
n.谐语，妙语,witticism,[ˈwɪtɪsɪzəm],http://sound.yywz123.com/qsbdcword/w/witticism.mp3
ad.狂乱地,amuck,[ə'mʌk],http://sound.yywz123.com/qsbdcword/a/amuck.mp3
n.寄托，寄托寄卖,bailment,['belmənt],http://sound.yywz123.com/qsbdcword/b/bailment.mp3
vi.盗用公款；贪污,defalcate,[di:'fælˌkeɪt],http://sound.yywz123.com/qsbdcword/d/defalcate.mp3
vt. 使软化；减少；缓和 n. 柔皮剂 vi. 减弱；衰落,bate,[beɪt],http://sound.yywz123.com/qsbdcword/b/bate.mp3
adj.巨大的，庞大的,gargantuan,[gɑ:ˈgæntʃuən],http://sound.yywz123.com/qsbdcword/g/gargantuan.mp3
n.愚蠢,idiocy,[ˈɪdiəsi],http://sound.yywz123.com/qsbdcword/i/idiocy.mp3
n.落叶松,larch,[lɑ:tʃ],http://sound.yywz123.com/qsbdcword/l/larch.mp3
n.美洲虎,jaguar,[ˈdʒægjuə(r)],http://sound.yywz123.com/qsbdcword/j/jaguar.mp3
vi.短程旅游；n.游览,jaunt,[dʒɔ:nt],http://sound.yywz123.com/qsbdcword/j/jaunt.mp3
adj.乳汁的,lactic,['læktɪk],http://sound.yywz123.com/qsbdcword/l/lactic.mp3
n.天真，纯朴，幼稚,naivety,[naɪ'i:vətɪ],http://sound.yywz123.com/qsbdcword/n/naivety.mp3
n..紫红色（的染料）；adj.紫红色的,magenta,[məˈdʒentə],http://sound.yywz123.com/qsbdcword/m/magenta.mp3
n.字的误用,malapropism,[ˈmæləprɒpɪzəm],http://sound.yywz123.com/qsbdcword/m/malapropism.mp3
adj.新石器时代的,neolithic,[ˌni:ə'lɪθɪk],http://sound.yywz123.com/qsbdcword/n/neolithic.mp3
adj.下部的，下面的；n.阴间；下层社会,nether,[ˈneðə(r)],http://sound.yywz123.com/qsbdcword/n/nether.mp3
n.羽毛管；v.给（织物或衣服）作皱褶,quill,[kwɪl],http://sound.yywz123.com/qsbdcword/q/quill.mp3
n.糖精,saccharin,[ˈsækərɪn],http://sound.yywz123.com/qsbdcword/s/saccharin.mp3
n.画面，活人画（舞台上活人扮的静态画面）,tableau,[ˈtæbləʊ],http://sound.yywz123.com/qsbdcword/t/tableau.mp3
vt.捣实，砸实,tamp,[tæmp],http://sound.yywz123.com/qsbdcword/t/tamp.mp3
n.贤明，睿智,sapience,['seɪpɪəns],http://sound.yywz123.com/qsbdcword/s/sapience.mp3
n.流苏，穗；v.抽穗， （玉米）长穗须,tassel,[ˈtæsl],http://sound.yywz123.com/qsbdcword/t/tassel.mp3
n.海象,walrus,[ˈwɔ:lrəs],http://sound.yywz123.com/qsbdcword/w/walrus.mp3
n.古怪，异想天开,whimsy,[ˈwɪmzi],http://sound.yywz123.com/qsbdcword/w/whimsy.mp3
n.爱慕，崇拜,adoration,[ˌædəˈreɪʃn],http://sound.yywz123.com/qsbdcword/a/adoration.mp3
vt. 理应；对…有此必要 vi. 有必要；理所当然 n. 适宜,behoove,[bɪ'hu:v],http://sound.yywz123.com/qsbdcword/b/behoove.mp3
n.初入社交界的少女,debutante,[ˈdebjutɑ:nt],http://sound.yywz123.com/qsbdcword/d/debutante.mp3
vt.慢慢倒出,decant,[dɪˈkænt],http://sound.yywz123.com/qsbdcword/d/decant.mp3
adj.蒙昧的,benighted,[bɪˈnaɪtɪd],http://sound.yywz123.com/qsbdcword/b/benighted.mp3
n.仁慈,benignity,[bɪ'nɪgnɪtɪ],http://sound.yywz123.com/qsbdcword/b/benignity.mp3
n.衰老；破旧,decrepitude,[dɪˈkrepɪtju:d],http://sound.yywz123.com/qsbdcword/d/decrepitude.mp3
n.祝福,benison,['benɪzən],http://sound.yywz123.com/qsbdcword/b/benison.mp3
n.诽谤；中伤,defamation,[ˌdefəˈmeɪʃn],http://sound.yywz123.com/qsbdcword/d/defamation.mp3
adj.残忍的；野蛮的,bestial,[ˈbestiəl],http://sound.yywz123.com/qsbdcword/b/bestial.mp3
vt.订婚,betroth,[bɪ'trɔ:θ],http://sound.yywz123.com/qsbdcword/b/betroth.mp3
n.记述；描写,delineation,[dɪˌlɪnɪ'eɪʃn],http://sound.yywz123.com/qsbdcword/d/delineation.mp3
n.大帆船,galleon,[ˈgæliən],http://sound.yywz123.com/qsbdcword/g/galleon.mp3
n.杂役；听差,factotum,[fækˈtəʊtəm],http://sound.yywz123.com/qsbdcword/f/factotum.mp3
n.笕嘴,gargoyle,[ˈgɑ:gɔɪl],http://sound.yywz123.com/qsbdcword/g/gargoyle.mp3
n.喇叭；号角之声；v.热闹地宣布,fanfare,[ˈfænfeə(r)],http://sound.yywz123.com/qsbdcword/f/fanfare.mp3
n.美食法；美食学,gastronomy,[gæˈstrɒnəmi],http://sound.yywz123.com/qsbdcword/g/gastronomy.mp3
adj.名誉退休的,emeritus,[iˈmerɪtəs],http://sound.yywz123.com/qsbdcword/e/emeritus.mp3
n.镇痛剂；缓和药；adj.使柔软的；安慰性的，起镇静作用的,emollient,[iˈmɒliənt],http://sound.yywz123.com/qsbdcword/e/emollient.mp3
n.运气；v.偶然发生,hap,[hæp],http://sound.yywz123.com/qsbdcword/h/hap.mp3
n.恶妇；丑老大婆,harridan,[ˈhærɪdən],http://sound.yywz123.com/qsbdcword/h/harridan.mp3
n.食物贮藏室，食品橱,larder,[ˈlɑ:də(r)],http://sound.yywz123.com/qsbdcword/l/larder.mp3
n.慷慨援助，施舍,largesse,[lɑ:ˈʒes],http://sound.yywz123.com/qsbdcword/l/largesse.mp3
adj.宫殿般的，宏伟的,palatial,[pəˈleɪʃl],http://sound.yywz123.com/qsbdcword/p/palatial.mp3
vt. 覆盖；使乏味 vi. 走味；n.柩衣，棺罩；棺材；帷幕,pall,[pɔ:l],http://sound.yywz123.com/qsbdcword/p/pall.mp3
adj.不平常的，离奇的,offbeat,[ˌɒfˈbi:t],http://sound.yywz123.com/qsbdcword/o/offbeat.mp3
adj.名誉不好的，无赖的，卑鄙的，艳俗的,raffish,[ˈræfɪʃ],http://sound.yywz123.com/qsbdcword/r/raffish.mp3
vi. 化脓；怨恨；发炎 vt. 使怨恨；使疼痛；使痛苦,rankle,[ˈræŋkl],http://sound.yywz123.com/qsbdcword/r/rankle.mp3
n.过度节俭，吝啬,parsimony,[ˈpɑ:sɪməni],http://sound.yywz123.com/qsbdcword/p/parsimony.mp3
"n.谜,画谜",rebus,[ˈri:bəs],http://sound.yywz123.com/qsbdcword/r/rebus.mp3
n.涂油防水布，防水衣，防水帽,tarpaulin,[tɑ:ˈpɔ:lɪn],http://sound.yywz123.com/qsbdcword/t/tarpaulin.mp3
adj.不整洁的，简陋的,tatty,[ˈtæti],http://sound.yywz123.com/qsbdcword/t/tatty.mp3
n. 悟性；理解能力；懂行（的人） vt. 理解；懂 vi. 理解；知道；adj.有见识的，懂实际知识的，通情达理的,savvy,[ˈsævi],http://sound.yywz123.com/qsbdcword/s/savvy.mp3
n．告别演说，告别词,valediction,[ˌvælɪˈdɪkʃn],http://sound.yywz123.com/qsbdcword/v/valediction.mp3
n.战争贩子，好战者，主战论者,warmonger,[ˈwɔ:mʌŋgə(r)],http://sound.yywz123.com/qsbdcword/w/warmonger.mp3
vt.埋伏，伏击,waylay,[weɪˈleɪ],http://sound.yywz123.com/qsbdcword/w/waylay.mp3
n.风囊，饶舌之人，好说话的人,windbag,[ˈwɪndbæg],http://sound.yywz123.com/qsbdcword/w/windbag.mp3
vt. 簸；把…挑出来；精选 vi. 分出好坏；扬谷 n. 扬谷；扬谷器,winnow,[ˈwɪnəʊ],http://sound.yywz123.com/qsbdcword/w/winnow.mp3
vt.撤销保密,declassify,[ˌdi:ˈklæsɪfaɪ],http://sound.yywz123.com/qsbdcword/d/declassify.mp3
n.愚蠢，愚昧,fatuity,[fə'tjʊɪtɪ],http://sound.yywz123.com/qsbdcword/f/fatuity.mp3
n.栀子花,gardenia,[gɑ:ˈdi:niə],http://sound.yywz123.com/qsbdcword/g/gardenia.mp3
n.好色；淫荡,lechery,['letʃərɪ],http://sound.yywz123.com/qsbdcword/l/lechery.mp3
n.教堂的中部；本堂,nave,[neɪv],http://sound.yywz123.com/qsbdcword/n/nave.mp3
adj.淫荡的,libidinous,[lɪˈbɪdɪnəs],http://sound.yywz123.com/qsbdcword/l/libidinous.mp3
n.本能的冲动,libido,[lɪˈbi:dəʊ],http://sound.yywz123.com/qsbdcword/l/libido.mp3
n.地狱的边缘；监狱,limbo,[ˈlɪmbəʊ],http://sound.yywz123.com/qsbdcword/l/limbo.mp3
vt.描画；描述,limn,[lɪm],http://sound.yywz123.com/qsbdcword/l/limn.mp3
n.联系；关系,nexus,[ˈneksəs],http://sound.yywz123.com/qsbdcword/n/nexus.mp3
n.圣餐式；祭品,oblation,[ɒ'bleɪʃən],http://sound.yywz123.com/qsbdcword/o/oblation.mp3
adj.壮丽堂皇的；n.废话，空话,palaver,[pəˈlɑ:və(r)],http://sound.yywz123.com/qsbdcword/p/palaver.mp3
adj.结婚期的,nubile,[ˈnju:baɪl],http://sound.yywz123.com/qsbdcword/n/nubile.mp3
n.眼科医生,oculist,[ˈɒkjəlɪst],http://sound.yywz123.com/qsbdcword/o/oculist.mp3
adj.易呕的,queasy,[ˈkwi:zi],http://sound.yywz123.com/qsbdcword/q/queasy.mp3
vt. 向…抛媚眼；注视 vi. 做媚眼 n. 眉目传情；媚眼,ogle,[ˈəʊgl],http://sound.yywz123.com/qsbdcword/o/ogle.mp3
n.装备；随身用品,paraphernalia,[ˌpærəfəˈneɪliə],http://sound.yywz123.com/qsbdcword/p/paraphernalia.mp3
n.负担；责任,onus,[ˈəʊnəs],http://sound.yywz123.com/qsbdcword/o/onus.mp3
n.法定人数,quorum,[ˈkwɔ:rəm],http://sound.yywz123.com/qsbdcword/q/quorum.mp3
n.说法；语调,parlance,[ˈpɑ:ləns],http://sound.yywz123.com/qsbdcword/p/parlance.mp3
adj.虐待狂的,sadistic,[sə'dɪstɪk],http://sound.yywz123.com/qsbdcword/s/sadistic.mp3
n.爪；（如爪般的）手指；爪状物,talon,[ˈtælən],http://sound.yywz123.com/qsbdcword/t/talon.mp3
n.山中的小湖或小潭,tarn,[tɑ:n],http://sound.yywz123.com/qsbdcword/t/tarn.mp3
n.橡实，橡子,acorn,[ˈeɪkɔ:n],http://sound.yywz123.com/qsbdcword/a/acorn.mp3
n.诱惑物,allurement,[ə'ljʊəmənt],http://sound.yywz123.com/qsbdcword/a/allurement.mp3
n.玛瑙,agate,[ˈægət],http://sound.yywz123.com/qsbdcword/a/agate.mp3
n.紫水晶,amethyst,[ˈæməθɪst],http://sound.yywz123.com/qsbdcword/a/amethyst.mp3
n.附加物,appendage,[əˈpendɪdʒ],http://sound.yywz123.com/qsbdcword/a/appendage.mp3
n.注解,annotation,[ˌænə'teɪʃn],http://sound.yywz123.com/qsbdcword/a/annotation.mp3
n.纵火犯,arsonist,[ˈɑ:sənɪst],http://sound.yywz123.com/qsbdcword/a/arsonist.mp3
n.无神论，不信神,atheism,[ˈeɪθiɪzəm],http://sound.yywz123.com/qsbdcword/a/atheism.mp3
adj.不需证明的，不言自明的,axiomatic,[ˌæksiəˈmætɪk],http://sound.yywz123.com/qsbdcword/a/axiomatic.mp3
n.标准,criteria,[kraɪ'tɪərɪə],http://sound.yywz123.com/qsbdcword/c/criteria.mp3
n.大片浮冰,floe,[fləʊ],http://sound.yywz123.com/qsbdcword/f/floe.mp3
n.礼拜仪式,liturgy,[ˈlɪtədʒi],http://sound.yywz123.com/qsbdcword/l/liturgy.mp3
n.麝香鼠,muskrat,[ˈmʌskræt],http://sound.yywz123.com/qsbdcword/m/muskrat.mp3
n.活跃；震动,vibrancy,['vaɪbrənsɪ],http://sound.yywz123.com/qsbdcword/v/vibrancy.mp3
adj.毛茸茸的；糊涂的,wooly,['wʊlɪ],http://sound.yywz123.com/qsbdcword/w/wooly.mp3
n.海葵,anemone,[əˈneməni],http://sound.yywz123.com/qsbdcword/a/anemone.mp3
n.葫芦,gourd,[gʊəd],http://sound.yywz123.com/qsbdcword/g/gourd.mp3
adj.模糊的；纤细的,wispy,[ˈwɪspi],http://sound.yywz123.com/qsbdcword/w/wispy.mp3
n.精湛技巧,virtuosity,[ˌvɜ:tʃuˈɒsəti],http://sound.yywz123.com/qsbdcword/v/virtuosity.mp3
adj.盐水的；很咸的；n.海洋,briny,[ˈbraɪni],http://sound.yywz123.com/qsbdcword/b/briny.mp3
vt. 重组；重新装备 vi. 更换工具；重新装备；更换机械设备,retool,[ˌri:ˈtu:l],http://sound.yywz123.com/qsbdcword/r/retool.mp3
n.（美国西南部或墨西哥等）印第安人的村庄,pueblo,[ˈpwebləʊ],http://sound.yywz123.com/qsbdcword/p/pueblo.mp3
n.（有座脚的）瓮；坟墓；骨灰瓮,urn,[ɜ:n],http://sound.yywz123.com/qsbdcword/u/urn.mp3
n.鹪鹩；英国皇家海军女子服务队成员,wren,[ren],http://sound.yywz123.com/qsbdcword/w/wren.mp3
vt.预定；预先请求,bespeak,[bɪˈspi:k],http://sound.yywz123.com/qsbdcword/b/bespeak.mp3
vt.预示,betoken,[bɪˈtəʊkən],http://sound.yywz123.com/qsbdcword/b/betoken.mp3
vt.蔑视,contemn,[kən'tem],http://sound.yywz123.com/qsbdcword/c/contemn.mp3
vt.保存（尸体）不腐,embalm,[ɪmˈbɑ:m],http://sound.yywz123.com/qsbdcword/e/embalm.mp3
vt.使苦；激怒,embitter,[ɪmˈbɪtə(r)],http://sound.yywz123.com/qsbdcword/e/embitter.mp3
vt.赋予,endue,[ɪn'dju:],http://sound.yywz123.com/qsbdcword/e/endue.mp3
vt. 挤出，压出；使突出；逐出 vi. 突出，喷出,extrude,[ɪkˈstru:d],http://sound.yywz123.com/qsbdcword/e/extrude.mp3
adj.起大风的,gusty,[ˈgʌsti],http://sound.yywz123.com/qsbdcword/g/gusty.mp3
vt.写（文章，信等）创作,indite,[ɪn'daɪt],http://sound.yywz123.com/qsbdcword/i/indite.mp3
adj.白痴的,idiotic,[ˌɪdiˈɒtɪk],http://sound.yywz123.com/qsbdcword/i/idiotic.mp3
adj.矫饰的；v.切碎；切碎,mincing,[ˈmɪnsɪŋ],http://sound.yywz123.com/qsbdcword/m/mincing.mp3
vt. 反驳；揭露；拒绝 vi. 反驳；揭露 n. 驳回；提出反证,rebut,[rɪˈbʌt],http://sound.yywz123.com/qsbdcword/r/rebut.mp3
vt.损伤；n.伤害,scathe,[skeɪð],http://sound.yywz123.com/qsbdcword/s/scathe.mp3
n.杀父,patricide,[ˈpætrɪsaɪd],http://sound.yywz123.com/qsbdcword/p/patricide.mp3
n.酬劳；报复,requital,[rɪ'kwaɪtl],http://sound.yywz123.com/qsbdcword/r/requital.mp3
n.常喝的酒；v.不断喝，饮烈酒,tipple,[ˈtɪpl],http://sound.yywz123.com/qsbdcword/t/tipple.mp3
adj.发亮的；发红的；adv.发亮地,aglow,[əˈgləʊ],http://sound.yywz123.com/qsbdcword/a/aglow.mp3
adj.全神贯注的,engrossed,[ɪnˈgrəʊst],http://sound.yywz123.com/qsbdcword/e/engrossed.mp3
n.继承权,heirship,['eəʃɪp],http://sound.yywz123.com/qsbdcword/h/heirship.mp3
adj.瘦长的,lanky,[ˈlæŋki],http://sound.yywz123.com/qsbdcword/l/lanky.mp3
n.合成代谢,anabolism,[ə'nabəˌlɪzəm],http://sound.yywz123.com/qsbdcword/a/anabolism.mp3
vt.使混乱,befuddle,[bɪ'fʌdl],http://sound.yywz123.com/qsbdcword/b/befuddle.mp3
n.牵狗的皮带，束缚；v.用皮带系住,leash,[li:ʃ],http://sound.yywz123.com/qsbdcword/l/leash.mp3
n.重罪犯；adj.残忍的,felon,[ˈfelən],http://sound.yywz123.com/qsbdcword/f/felon.mp3
adj.镀金的；n.金边证券,gilt,[gɪlt],http://sound.yywz123.com/qsbdcword/g/gilt.mp3
vt. 使轻轻浮起；使飘浮空中 vi. 轻轻浮起；飘浮空中,levitate,[ˈlevɪteɪt],http://sound.yywz123.com/qsbdcword/l/levitate.mp3
n.混战；混战的人群,melee,[ˈmeleɪ],http://sound.yywz123.com/qsbdcword/m/melee.mp3
adj.茶色的，黄褐色的；n.黄褐色,tawny,[ˈtɔ:ni],http://sound.yywz123.com/qsbdcword/t/tawny.mp3
n.管理员；门房,concierge,[ˈkɒnsieəʒ],http://sound.yywz123.com/qsbdcword/c/concierge.mp3
n.手推车,pushcart,['pʊʃkɑ:t],http://sound.yywz123.com/qsbdcword/p/pushcart.mp3
n.大房间中隔出的小室,cubicle,[ˈkju:bɪkl],http://sound.yywz123.com/qsbdcword/c/cubicle.mp3
n.行为；风度,demeanor,[dɪ'mi:nə],http://sound.yywz123.com/qsbdcword/d/demeanor.mp3
n.发汗剂；adj.发汗的,sudorific,['sju:də'rɪfɪk],http://sound.yywz123.com/qsbdcword/s/sudorific.mp3
n.声名狼藉，出丑，恶行,infamy,[ˈɪnfəmi],http://sound.yywz123.com/qsbdcword/i/infamy.mp3
adj.怕痒的；问题棘手的；adv.怕痒地；n.怕痒，小心处理,ticklish,[ˈtɪklɪʃ],http://sound.yywz123.com/qsbdcword/t/ticklish.mp3
n.诉讼当事人；adj.进行诉讼的,litigant,[ˈlɪtɪgənt],http://sound.yywz123.com/qsbdcword/l/litigant.mp3
n.水螅；难于根除的祸患,hydra,[ˈhaɪdrə],http://sound.yywz123.com/qsbdcword/h/hydra.mp3
adj.长而尖的，大钉似的,spiky,[ˈspaɪki],http://sound.yywz123.com/qsbdcword/s/spiky.mp3
n.铝土矿,bauxite,[ˈbɔ:ksaɪt],http://sound.yywz123.com/qsbdcword/b/bauxite.mp3
n.吹牛者；adj.吹牛的，自夸的,braggart,[ˈbrægət],http://sound.yywz123.com/qsbdcword/b/braggart.mp3
n.大斑点；红斑点；v.使沾上污渍，弄脏,blotch,[blɒtʃ],http://sound.yywz123.com/qsbdcword/b/blotch.mp3
n.自吹自擂者,blowhard,[ˈbləʊhɑ:d],http://sound.yywz123.com/qsbdcword/b/blowhard.mp3
n.古罗马的百人队长,centurion,[senˈtjʊəriən],http://sound.yywz123.com/qsbdcword/c/centurion.mp3
v.散布；n.（听诊时所听到的）杂音；吵闹,bruit,[bru:t],http://sound.yywz123.com/qsbdcword/b/bruit.mp3
n.圣餐杯；金杯毒酒,chalice,[ˈtʃælɪs],http://sound.yywz123.com/qsbdcword/c/chalice.mp3
vt.堵缝,caulk,[kɔ:k],http://sound.yywz123.com/qsbdcword/c/caulk.mp3
n.神话怪物；梦幻,chimera,[kaɪˈmɪərə],http://sound.yywz123.com/qsbdcword/c/chimera.mp3
n.切肉刀,cleaver,[ˈkli:və(r)],http://sound.yywz123.com/qsbdcword/c/cleaver.mp3
n.吝啬之人；粗鄙之人,churl,[tʃɜ:l],http://sound.yywz123.com/qsbdcword/c/churl.mp3
n.学术讨论会,colloquium,[kəˈləʊkwiəm],http://sound.yywz123.com/qsbdcword/c/colloquium.mp3
n.超人的洞察力,clairvoyance,[kleəˈvɔɪəns],http://sound.yywz123.com/qsbdcword/c/clairvoyance.mp3
n.凝固；凝结物,coagulation,[kəʊˌæɡjʊ'leɪʃn],http://sound.yywz123.com/qsbdcword/c/coagulation.mp3
adj.排他的，门户之见的,clannish,[ˈklænɪʃ],http://sound.yywz123.com/qsbdcword/c/clannish.mp3
n.柱廊,colonnade,[ˌkɒləˈneɪd],http://sound.yywz123.com/qsbdcword/c/colonnade.mp3
adj.似小马的；不受拘束的；活泼的,coltish,[ˈkəʊltɪʃ],http://sound.yywz123.com/qsbdcword/c/coltish.mp3
n.脑震荡；震动,concussion,[kənˈkʌʃn],http://sound.yywz123.com/qsbdcword/c/concussion.mp3
n.阻止，遏制；容量,containment,[kənˈteɪnmənt],http://sound.yywz123.com/qsbdcword/c/containment.mp3
n.悔罪，痛悔,contrition,[kən'trɪʃn],http://sound.yywz123.com/qsbdcword/c/contrition.mp3
vt. 使起皱；成波状 adj. 起皱的；波状的 vi. 起皱；缩成皱状,corrugate,['kɒrʊgeɪt],http://sound.yywz123.com/qsbdcword/c/corrugate.mp3
adj.谄媚，奉承,cringing,[krɪndʒŋ],http://sound.yywz123.com/qsbdcword/c/cringing.mp3
n.钩针织物；v.用钩针编制,crochet,[ˈkrəʊʃeɪ],http://sound.yywz123.com/qsbdcword/c/crochet.mp3
n.美洲狮；美洲豹,cougar,[ˈku:gə(r)],http://sound.yywz123.com/qsbdcword/c/cougar.mp3
n.粗糙，生硬；adj.粗略的,crudity,[ˈkru:dəti],http://sound.yywz123.com/qsbdcword/c/crudity.mp3
adj. 灰心丧气的,deflated,[dɪf'leɪtɪd],http://sound.yywz123.com/qsbdcword/d/deflated.mp3
n.城堡，别墅,chateau,[ʃæˈtəʊ],http://sound.yywz123.com/qsbdcword/c/chateau.mp3
n.合并，联合,coalescence,[ˌkəʊə'lesns],http://sound.yywz123.com/qsbdcword/c/coalescence.mp3
vt. 设计舞蹈动作；为…编舞 vi. 设计舞蹈动作,choreograph,[ˈkɒriəgrɑ:f],http://sound.yywz123.com/qsbdcword/c/choreograph.mp3
n.压缩，浓缩；凝结的水珠,condensation,[ˌkɒndenˈseɪʃn],http://sound.yywz123.com/qsbdcword/c/condensation.mp3
n.压紧,compaction,[kəm'pækʃən],http://sound.yywz123.com/qsbdcword/c/compaction.mp3
adj.推测的,conjectural,[kən'dʒektʃərəl],http://sound.yywz123.com/qsbdcword/c/conjectural.mp3
adv.有礼貌地，亲切地,courteously,['kɜ:tɪəslɪ],http://sound.yywz123.com/qsbdcword/c/courteously.mp3
n.牛仔，牧牛工,cowhand,[ˈkaʊhænd],http://sound.yywz123.com/qsbdcword/c/cowhand.mp3
n.色球,chromosphere,['krəʊməsfɪə],http://sound.yywz123.com/qsbdcword/c/chromosphere.mp3
n.营养学家,dietitian,[ˌdaɪəˈtɪʃn],http://sound.yywz123.com/qsbdcword/d/dietitian.mp3
n.营养学,dietetics,[ˌdaɪəˈtetɪks],http://sound.yywz123.com/qsbdcword/d/dietetics.mp3
n.鞭节，鞭毛,flagella,[flə'dʒelə],http://sound.yywz123.com/qsbdcword/f/flagella.mp3
n.高跷，支柱,stilt,[stɪlt],http://sound.yywz123.com/qsbdcword/s/stilt.mp3
adj.共栖的，共生的,symbiotic,[ˌsɪmbaɪ'ɒtɪk],http://sound.yywz123.com/qsbdcword/s/symbiotic.mp3
n.踏车；单调的工作,treadmill,[ˈtredmɪl],http://sound.yywz123.com/qsbdcword/t/treadmill.mp3
n.被发现的东西，收藏的东西,trove,[trəʊv],http://sound.yywz123.com/qsbdcword/t/trove.mp3
n.都市人,urbanite,[ˈɜ:bənaɪt],http://sound.yywz123.com/qsbdcword/u/urbanite.mp3
n.违背；犯规；罪过,transgression,[træns'ɡreʃn],http://sound.yywz123.com/qsbdcword/t/transgression.mp3
n.集团；联盟,bloc,[blɒk],http://sound.yywz123.com/qsbdcword/b/bloc.mp3
n.沥青,bitumen,[ˈbɪtʃəmən],http://sound.yywz123.com/qsbdcword/b/bitumen.mp3
n.排泄物，粪便,excrement,[ˈekskrɪmənt],http://sound.yywz123.com/qsbdcword/e/excrement.mp3
adj. 黏液的，似黏液的,mucous,['mju:kəs],http://sound.yywz123.com/qsbdcword/m/mucous.mp3
adj. 数学基础好的；v.数，列举,numerate,['nju:mərət],http://sound.yywz123.com/qsbdcword/n/numerate.mp3
n.镊子,tweezers,[ˈtwi:zəz],http://sound.yywz123.com/qsbdcword/t/tweezers.mp3
n.男爵夫人，女男爵,baroness,[ˈbærənəs],http://sound.yywz123.com/qsbdcword/b/baroness.mp3
vt.副署，会签,countersign,[ˈkaʊntəsaɪn],http://sound.yywz123.com/qsbdcword/c/countersign.mp3
n.滞期费，逾期费,demurrage,[dɪ'mʌrɪdʒ],http://sound.yywz123.com/qsbdcword/d/demurrage.mp3
vt. 完成；使结束 vi. 把最后定下来；定案,finalize,[ˈfaɪnəlaɪz],http://sound.yywz123.com/qsbdcword/f/finalize.mp3
n.开幕、就职典礼,inauguration,[ɪˌnɔ:ɡjə'reɪʃn],http://sound.yywz123.com/qsbdcword/i/inauguration.mp3
n.产量；卸货情况,outturn,['aʊtˌtɜ:n],http://sound.yywz123.com/qsbdcword/o/outturn.mp3
n.细读，熟读；目测,perusal,[pə'ru:zl],http://sound.yywz123.com/qsbdcword/p/perusal.mp3
n.行窃，偷盗；v.偷窃,pilferage,['pɪlfərɪdʒ],http://sound.yywz123.com/qsbdcword/p/pilferage.mp3
vt.烟熏；用香薰,fumigate,[ˈfju:mɪgeɪt],http://sound.yywz123.com/qsbdcword/f/fumigate.mp3
"n.蝇粪留下的污点, 污点；v.弄脏",flyspeck,['flaɪspek],http://sound.yywz123.com/qsbdcword/f/flyspeck.mp3
n.旋转,gyration,[dʒaɪ'reɪʃn],http://sound.yywz123.com/qsbdcword/g/gyration.mp3
adj.可诱导的,inducible,[ɪn'dju:sɪbl],http://sound.yywz123.com/qsbdcword/i/inducible.mp3
vt.移动，行动,locomote,[ˌləʊkə'məʊt],http://sound.yywz123.com/qsbdcword/l/locomote.mp3
adj.有旋律的，调子美妙的,melodic,[məˈlɒdɪk],http://sound.yywz123.com/qsbdcword/m/melodic.mp3
n.授粉,pollination,[ˌpɒlə'neɪʃn],http://sound.yywz123.com/qsbdcword/p/pollination.mp3
n.现象,phenomena,[fə'nɒmɪnə],http://sound.yywz123.com/qsbdcword/p/phenomena.mp3
n.多边形；多角形,polygon,[ˈpɒlɪgən],http://sound.yywz123.com/qsbdcword/p/polygon.mp3
n.光球,photosphere,['fəʊtəsfɪə],http://sound.yywz123.com/qsbdcword/p/photosphere.mp3
n.重新解释，纠正性说明,reinterpretation,[ˌri:ɪnˌtɜ:prɪ'teɪʃn],http://sound.yywz123.com/qsbdcword/r/reinterpretation.mp3
vi. 重新点燃 vt. 重新点燃；再点火,rekindle,[ˌri:ˈkɪndl],http://sound.yywz123.com/qsbdcword/r/rekindle.mp3
adj.讽刺的，挖苦的,satiric,[sə'tɪrɪk],http://sound.yywz123.com/qsbdcword/s/satiric.mp3
n.木瓦板；小招牌(尤指医生或律师挂的营业招牌)；v.用木瓦板盖（屋顶）；把（女子头发）剪短,shingle,[ˈʃɪŋgl],http://sound.yywz123.com/qsbdcword/s/shingle.mp3
n.造船工人,shipwright,['ʃɪpraɪt],http://sound.yywz123.com/qsbdcword/s/shipwright.mp3
n.弦,strings,[strɪŋz],http://sound.yywz123.com/qsbdcword/s/strings.mp3
n.领带夹,stickpin,[ˈstɪkpɪn],http://sound.yywz123.com/qsbdcword/s/stickpin.mp3
vt. 除去；减去；取回 vi. 下拉；撤去,subduct,['sʌbdʌkt],http://sound.yywz123.com/qsbdcword/s/subduct.mp3
n.地层（复数）；社会阶层,strata,[ˈstrɑ:tə],http://sound.yywz123.com/qsbdcword/s/strata.mp3
adj.负的；减法的,subtractive,[səb'træktɪv],http://sound.yywz123.com/qsbdcword/s/subtractive.mp3
n.码头工人；v.装载货物,stevedore,[ˈsti:vədɔ:(r)],http://sound.yywz123.com/qsbdcword/s/stevedore.mp3
v.用模版印刷；n.模版；复写纸，蜡纸,stencil,[ˈstensl],http://sound.yywz123.com/qsbdcword/s/stencil.mp3
vt.使负罪；控告；使连累,inculpate,['ɪnkʌlpeɪt],http://sound.yywz123.com/qsbdcword/i/inculpate.mp3
adj.沉思的，冥想的,meditative,[ˈmedɪtətɪv],http://sound.yywz123.com/qsbdcword/m/meditative.mp3
n.顽固；（病痛等）难治,obstinacy,['ɒbstɪnəsɪ],http://sound.yywz123.com/qsbdcword/o/obstinacy.mp3
n.（强加于人身的）痛苦，刑罚,infliction,[ɪn'flɪkʃn],http://sound.yywz123.com/qsbdcword/i/infliction.mp3
n.堰堤，拦河坝,weir,[wɪə(r)],http://sound.yywz123.com/qsbdcword/w/weir.mp3
n.明暗对照法,chiaroscuro,[kiˌɑ:rəˈskʊərəʊ],http://sound.yywz123.com/qsbdcword/c/chiaroscuro.mp3
n.凹版雕刻；v.凹雕,intaglio,[ɪn'tɑ:lɪəʊ],http://sound.yywz123.com/qsbdcword/i/intaglio.mp3
adj.强求一致的,procrustean,[ˌprəʊ'krʌstɪən],http://sound.yywz123.com/qsbdcword/p/procrustean.mp3
adv.急速地；n.急板乐段；adj.急板的,presto,[ˈprestəʊ],http://sound.yywz123.com/qsbdcword/p/presto.mp3
n.柱廊，门廊,portico,[ˈpɔ:tɪkəʊ],http://sound.yywz123.com/qsbdcword/p/portico.mp3
n.可怜的人，不幸的人；卑鄙的人,wretch,[retʃ],http://sound.yywz123.com/qsbdcword/w/wretch.mp3
adj.未成熟的；n.未成熟,unripe,[ˌʌnˈraɪp],http://sound.yywz123.com/qsbdcword/u/unripe.mp3
adj.空论的,doctrinaire,[ˌdɒktrɪˈneə(r)],http://sound.yywz123.com/qsbdcword/d/doctrinaire.mp3
adj.任性的，故意的,wilful,[ˈwɪlfl],http://sound.yywz123.com/qsbdcword/w/wilful.mp3
adj.婚姻的，夫妇的,connubial,[kəˈnju:biəl],http://sound.yywz123.com/qsbdcword/c/connubial.mp3
n.范围；眼界,purview,[ˈpɜ:vju:],http://sound.yywz123.com/qsbdcword/p/purview.mp3
n.纵火狂者；adj.放火狂的,pyromaniac,[ˌpaɪrəʊˈmeɪniæk],http://sound.yywz123.com/qsbdcword/p/pyromaniac.mp3
adj.简要的，精简的,compendious,[kəmˈpendiəs],http://sound.yywz123.com/qsbdcword/c/compendious.mp3
n.协定；宗派间的协约,concordat,[kənˈkɔ:dæt],http://sound.yywz123.com/qsbdcword/c/concordat.mp3
vi.同情；慰问,condole,[kən'dəʊl],http://sound.yywz123.com/qsbdcword/c/condole.mp3
adj.晨曦的；黄昏的；昏暗的,crepuscular,[krɪˈpʌskjələ(r)],http://sound.yywz123.com/qsbdcword/c/crepuscular.mp3
vt.拣选；剔除；n.拣出的东西；剔除,cull,[kʌl],http://sound.yywz123.com/qsbdcword/c/cull.mp3
n.领域，私有土地,demesne,[dəˈmeɪn],http://sound.yywz123.com/qsbdcword/d/demesne.mp3
n.倒塌；毁坏,dilapidation,[dɪˌlæpɪ'deɪʃn],http://sound.yywz123.com/qsbdcword/d/dilapidation.mp3
n.分析；解剖,dissection,[daɪ'sekʃn],http://sound.yywz123.com/qsbdcword/d/dissection.mp3
adj.疯狂的,deranged,[dɪˈreɪndʒd],http://sound.yywz123.com/qsbdcword/d/deranged.mp3
vi. 唱歌；评论 n. 曲调；评论；歌曲 adj. 最高音的,descant,[ˈdeskænt],http://sound.yywz123.com/qsbdcword/d/descant.mp3
vt.远远看到；发现；责备,descry,[dɪˈskraɪ],http://sound.yywz123.com/qsbdcword/d/descry.mp3
n.废止，不用,desuetude,['deswɪtju:d],http://sound.yywz123.com/qsbdcword/d/desuetude.mp3
adj.不调和的,discordant,[dɪsˈkɔ:dənt],http://sound.yywz123.com/qsbdcword/d/discordant.mp3
vt.脱去，剥除,divest,[daɪˈvest],http://sound.yywz123.com/qsbdcword/d/divest.mp3
vt.使不悦；使不满,disgruntle,[dɪs'grʌntl],http://sound.yywz123.com/qsbdcword/d/disgruntle.mp3
adj.不诚恳的，虚伪的,disingenuous,[ˌdɪsɪnˈdʒenjuəs],http://sound.yywz123.com/qsbdcword/d/disingenuous.mp3
n.年老体衰；年老昏聩,dotage,[ˈdəʊtɪdʒ],http://sound.yywz123.com/qsbdcword/d/dotage.mp3
n.渣滓；无用之物,dross,[drɒs],http://sound.yywz123.com/qsbdcword/d/dross.mp3
n.表示亲爱的行为,endearment,[ɪnˈdɪəmənt],http://sound.yywz123.com/qsbdcword/e/endearment.mp3
adj.优生的,eugenic,[ju:'dʒenɪk],http://sound.yywz123.com/qsbdcword/e/eugenic.mp3
n.大口水罐,ewer,[ˈju:ə(r)],http://sound.yywz123.com/qsbdcword/e/ewer.mp3
n.引渡（逃犯）,extradition,[ˌekstrə'dɪʃn],http://sound.yywz123.com/qsbdcword/e/extradition.mp3
n.财政部；国库,exchequer,[ɪksˈtʃekə(r)],http://sound.yywz123.com/qsbdcword/e/exchequer.mp3
n.土地神；侏儒，地精,gnome,[nəʊm],http://sound.yywz123.com/qsbdcword/g/gnome.mp3
adj.流血的；残酷的,gory,[ˈgɔ:ri],http://sound.yywz123.com/qsbdcword/g/gory.mp3
n.棕榈类植物的叶子,frond,[frɒnd],http://sound.yywz123.com/qsbdcword/f/frond.mp3
vt. 使结果实；使肥沃；富有成果 vi. 结果实；有成果,fructify,['frʌktɪfaɪ],http://sound.yywz123.com/qsbdcword/f/fructify.mp3
n.杠杆支点,fulcrum,[ˈfʊlkrəm],http://sound.yywz123.com/qsbdcword/f/fulcrum.mp3
n.官员；公职人员,functionary,[ˈfʌŋkʃənəri],http://sound.yywz123.com/qsbdcword/f/functionary.mp3
adj.悲哀的；送葬的,funereal,[fjuˈnɪəriəl],http://sound.yywz123.com/qsbdcword/f/funereal.mp3
n.浮夸的；厚粗棉布,fustian,[ˈfʌstiən],http://sound.yywz123.com/qsbdcword/f/fustian.mp3
adj.矫饰的，浮华的,foppish,[ˈfɔpɪʃ],http://sound.yywz123.com/qsbdcword/f/foppish.mp3
n.打架；吵闹,fracas,['frækɑ:],http://sound.yywz123.com/qsbdcword/f/fracas.mp3
n.脆弱；意志薄弱,frailty,[ˈfreɪlti],http://sound.yywz123.com/qsbdcword/f/frailty.mp3
n.野丫头，淘气姑娘,hoyden,['hɔɪdn],http://sound.yywz123.com/qsbdcword/h/hoyden.mp3
n.小丘,hummock,[ˈhʌmək],http://sound.yywz123.com/qsbdcword/h/hummock.mp3
adj.强求的；纠缠不休的,importunate,[ɪmˈpɔ:tʃənət],http://sound.yywz123.com/qsbdcword/i/importunate.mp3
n.负担；恶梦,incubus,[ˈɪŋkjʊbəs],http://sound.yywz123.com/qsbdcword/i/incubus.mp3
n.竞选活动,hustings,[ˈhʌstɪŋz],http://sound.yywz123.com/qsbdcword/h/hustings.mp3
n.天芥菜；淡紫色,heliotrope,[ˈhi:liətrəʊp],http://sound.yywz123.com/qsbdcword/h/heliotrope.mp3
n.归罪，责难,imputation,[ˌɪmpjʊ'teɪʃn],http://sound.yywz123.com/qsbdcword/i/imputation.mp3
n.忘恩负义的人,ingrate,[ɪn'greɪt],http://sound.yywz123.com/qsbdcword/i/ingrate.mp3
n.金钱，财富,lucre,[ˈlu:kə(r)],http://sound.yywz123.com/qsbdcword/l/lucre.mp3
adj.爱管闲事的,meddlesome,[ˈmedlsəm],http://sound.yywz123.com/qsbdcword/m/meddlesome.mp3
n.混合物；大杂烩,melange,[meɪˈlɑ:nʒ],http://sound.yywz123.com/qsbdcword/m/melange.mp3
n.恶棍,miscreant,[ˈmɪskriənt],http://sound.yywz123.com/qsbdcword/m/miscreant.mp3
n.误称,misnomer,[ˌmɪsˈnəʊmə(r)],http://sound.yywz123.com/qsbdcword/m/misnomer.mp3
n.乞丐；adj.行乞的,mendicant,[ˈmendɪkənt],http://sound.yywz123.com/qsbdcword/m/mendicant.mp3
adj.目光短浅的，缺乏远见的,myopic,[maɪ'ɒpɪk],http://sound.yywz123.com/qsbdcword/m/myopic.mp3
adj.流行的，时髦的,modish,[ˈməʊdɪʃ],http://sound.yywz123.com/qsbdcword/m/modish.mp3
n.耻辱，责难,opprobrium,[əˈprəʊbriəm],http://sound.yywz123.com/qsbdcword/o/opprobrium.mp3
n.勇气，精神,mettle,[ˈmetl],http://sound.yywz123.com/qsbdcword/m/mettle.mp3
n.（回教寺院的）尖塔,minaret,[ˌmɪnəˈret],http://sound.yywz123.com/qsbdcword/m/minaret.mp3
n.江湖郎中；骗子,mountebank,[ˈmaʊntɪbæŋk],http://sound.yywz123.com/qsbdcword/m/mountebank.mp3
n.方言；混合语,patois,[ˈpætwɑ:],http://sound.yywz123.com/qsbdcword/p/patois.mp3
n.（演说等之）结论,peroration,[ˌperəˈreɪʃn],http://sound.yywz123.com/qsbdcword/p/peroration.mp3
adj.粗俗的；平民的；n.平民；庶民,plebeian,[pləˈbi:ən],http://sound.yywz123.com/qsbdcword/p/plebeian.mp3
n.（文体的）明晰,perspicuity,[ˌpɜ:spɪ'kju:ɪtɪ],http://sound.yywz123.com/qsbdcword/p/perspicuity.mp3
adj.卖弄学问的；迂腐的,pedantic,[pɪˈdæntɪk],http://sound.yywz123.com/qsbdcword/p/pedantic.mp3
n.（日蚀）半影部,penumbra,[pəˈnʌmbrə],http://sound.yywz123.com/qsbdcword/p/penumbra.mp3
vi. 玩弄女性；调情；轻率地对待 n. 玩弄女性；调情；玩弄女性者,philander,[fɪ'lændə],http://sound.yywz123.com/qsbdcword/p/philander.mp3
adj.心不在焉的,distrait,[dɪs'treɪ],http://sound.yywz123.com/qsbdcword/d/distrait.mp3
n.占卜，预测,divination,[ˌdɪvɪˈneɪʃn],http://sound.yywz123.com/qsbdcword/d/divination.mp3
adj.勇猛的，坚强的,doughty,[ˈdaʊti],http://sound.yywz123.com/qsbdcword/d/doughty.mp3
vi.细说，详述,expatiate,[ɪkˈspeɪʃieɪt],http://sound.yywz123.com/qsbdcword/e/expatiate.mp3
vt. 灌醉；使陶醉；使兴奋 adj. 酒醉的；醉醺醺的；陶醉的 n. 酒鬼；醉汉,inebriate,[ɪn'i:brɪeɪt],http://sound.yywz123.com/qsbdcword/i/inebriate.mp3
n.诡计，计策；诡计,ruse,[ru:z],http://sound.yywz123.com/qsbdcword/r/ruse.mp3
n.漠不关心,insouciance,[ɪnˈsu:siəns],http://sound.yywz123.com/qsbdcword/i/insouciance.mp3
n.渊博；深奥，深刻,profundity,[prəˈfʌndəti],http://sound.yywz123.com/qsbdcword/p/profundity.mp3
n.选举学,psephology,[siˈfɒlədʒi],http://sound.yywz123.com/qsbdcword/p/psephology.mp3
adj.极端拘谨的；道德严格的,puritanical,[ˌpjʊərɪˈtænɪkl],http://sound.yywz123.com/qsbdcword/p/puritanical.mp3
adj.打鼾的,stertorous,['stɜ:tərəs],http://sound.yywz123.com/qsbdcword/s/stertorous.mp3
adj.宣泄情绪的；n.泻剂,cathartic,[kə'θɑ:tɪk],http://sound.yywz123.com/qsbdcword/c/cathartic.mp3
adj.混有盐的；咸的,brackish,[ˈbrækɪʃ],http://sound.yywz123.com/qsbdcword/b/brackish.mp3
n.车队等的行列,cavalcade,[ˌkævlˈkeɪd],http://sound.yywz123.com/qsbdcword/c/cavalcade.mp3
adj.有斑纹的,brindled,['brɪndld],http://sound.yywz123.com/qsbdcword/b/brindled.mp3
adj.向心的,centripetal,[senˈtrɪpɪtl],http://sound.yywz123.com/qsbdcword/c/centripetal.mp3
n.姓；绰号,cognomen,[kɒg'nəʊmen],http://sound.yywz123.com/qsbdcword/c/cognomen.mp3
n.手相术,chiromancy,[ˈkaɪrəʊmænsi],http://sound.yywz123.com/qsbdcword/c/chiromancy.mp3
n.便餐；整理,collation,[kə'leɪʃn],http://sound.yywz123.com/qsbdcword/c/collation.mp3
n.血缘；亲族,consanguinity,[ˌkɒnsæŋˈgwɪnəti],http://sound.yywz123.com/qsbdcword/c/consanguinity.mp3
n.游历，旅行,peregrination,[ˌperəgrɪˈneɪʃn],http://sound.yywz123.com/qsbdcword/p/peregrination.mp3
adj.拘泥形式的，一本正经的；n.循规蹈矩，整洁；adv.循规蹈矩地，整洁地,prim,[prɪm],http://sound.yywz123.com/qsbdcword/p/prim.mp3
adj.私用的；隐密的,privy,[ˈprɪvi],http://sound.yywz123.com/qsbdcword/p/privy.mp3
n.刍草；秣料,provender,['prɒvɪndə],http://sound.yywz123.com/qsbdcword/p/provender.mp3
n.曲解；堕落；反常,perversion,[pəˈvɜ:ʃn],http://sound.yywz123.com/qsbdcword/p/perversion.mp3
n.（赎罪的）惩罪,penance,[ˈpenəns],http://sound.yywz123.com/qsbdcword/p/penance.mp3
adj.通晓数种语言的；n.通晓多种语言的人,polyglot,[ˈpɒliglɒt],http://sound.yywz123.com/qsbdcword/p/polyglot.mp3
n.任性；刚愎自用,perversity,[pə'vɜ:sɪtɪ],http://sound.yywz123.com/qsbdcword/p/perversity.mp3
n.混合之事物；百花香,potpourri,[ˌpəʊpʊˈri:],http://sound.yywz123.com/qsbdcword/p/potpourri.mp3
n.闲谈；v.（小孩般）天真无邪地说话；发出连续而无意义的声音,prattle,[ˈprætl],http://sound.yywz123.com/qsbdcword/p/prattle.mp3
n.前言；序文,preamble,[priˈæmbl],http://sound.yywz123.com/qsbdcword/p/preamble.mp3
adj.鱼的；渔业的,piscatorial,[ˌpɪskəˈtɔ:riəl],http://sound.yywz123.com/qsbdcword/p/piscatorial.mp3
adj.（足等）适于抓握的,prehensile,[prɪˈhensaɪl],http://sound.yywz123.com/qsbdcword/p/prehensile.mp3
adj.假定的,putative,[ˈpju:tətɪv],http://sound.yywz123.com/qsbdcword/p/putative.mp3
adj.预防疾病的；n.预防疾病,prophylactic,[ˌprɒfɪˈlæktɪk],http://sound.yywz123.com/qsbdcword/p/prophylactic.mp3
adj.推进的,propulsive,[prə'pʌlsɪv],http://sound.yywz123.com/qsbdcword/p/propulsive.mp3
vi. （在重量、数量、力量等方面）占优势 vt. 胜过；压倒,preponderate,[prɪ'pɒndəreɪt],http://sound.yywz123.com/qsbdcword/p/preponderate.mp3
vi. 劝诱改宗 vt. 使改宗,proselytize,[ˈprɒsələtaɪz],http://sound.yywz123.com/qsbdcword/p/proselytize.mp3
n.诗体论，作诗法,prosody,[ˈprɒsədi],http://sound.yywz123.com/qsbdcword/p/prosody.mp3
vt. 取悦；盛情款待 vi. 参加宴会；享用；享受 n. 款待,regale,[rɪˈgeɪl],http://sound.yywz123.com/qsbdcword/r/regale.mp3
n.投射物，发射体；adj.向前开进的；推进的；抛掷的,projectile,[prəˈdʒektaɪl],http://sound.yywz123.com/qsbdcword/p/projectile.mp3
adj.有报酬的,remunerative,[rɪˈmju:nərətɪv],http://sound.yywz123.com/qsbdcword/r/remunerative.mp3
vt. 使定居乡村；使乡气 vi. 去乡下；变得乡气,rusticate,['rʌstɪkeɪt],http://sound.yywz123.com/qsbdcword/r/rusticate.mp3
vt.报酬，报答,requite,[rɪˈkwaɪt],http://sound.yywz123.com/qsbdcword/r/requite.mp3
n.技巧，花招,sleight,[slaɪt],http://sound.yywz123.com/qsbdcword/s/sleight.mp3
n.坟墓,sepulcher,['sepəlkə],http://sound.yywz123.com/qsbdcword/s/sepulcher.mp3
n.懒人；adj.懒惰的,sluggard,[ˈslʌgəd],http://sound.yywz123.com/qsbdcword/s/sluggard.mp3
adj.前后一致的；盲从的；顺从的,sequacious,[sɪ'kweɪʃəs],http://sound.yywz123.com/qsbdcword/s/sequacious.mp3
n.水闸,sluice,[slu:s],http://sound.yywz123.com/qsbdcword/s/sluice.mp3
n.六翼天使,seraph,[ˈserəf],http://sound.yywz123.com/qsbdcword/s/seraph.mp3
adj.拥挤的；密集的,serried,[ˈserid],http://sound.yywz123.com/qsbdcword/s/serried.mp3
n.白霜；v.使蒙霜,rime,[raɪm],http://sound.yywz123.com/qsbdcword/r/rime.mp3
n.离职金；切断,severance,[ˈsevərəns],http://sound.yywz123.com/qsbdcword/s/severance.mp3
n.洛可可；adj.过分修饰的,rococo,[rəˈkəukəu],http://sound.yywz123.com/qsbdcword/r/rococo.mp3
n.陈规陋习；口令；暗语,shibboleth,[ˈʃɪbəleθ],http://sound.yywz123.com/qsbdcword/s/shibboleth.mp3
adj.预言的；神巫的,sibylline,[ˈsɪbɪlaɪn],http://sound.yywz123.com/qsbdcword/s/sibylline.mp3
adj.似猿猴的；n.类人猿，猴,simian,[ˈsɪmiən],http://sound.yywz123.com/qsbdcword/s/simian.mp3
vt. 止血；使不漏；平息 vi. 停止流出；adj.坚固的；坚定的,stanch,[stɔ:ntʃ],http://sound.yywz123.com/qsbdcword/s/stanch.mp3
adj.有纵线，条纹的,striated,[straɪ'eɪtɪd],http://sound.yywz123.com/qsbdcword/s/striated.mp3
n.总和；最后辩论,summation,[sʌˈmeɪʃn],http://sound.yywz123.com/qsbdcword/s/summation.mp3
vt.愚弄；使呆滞,stultify,['stʌltɪfaɪ],http://sound.yywz123.com/qsbdcword/s/stultify.mp3
n.音色，音质,timbre,[ˈtæmbə(r)],http://sound.yywz123.com/qsbdcword/t/timbre.mp3
vt. 使觉得痒；使高兴 vi. 感到兴奋；被激发,titillate,[ˈtɪtɪleɪt],http://sound.yywz123.com/qsbdcword/t/titillate.mp3
n.诡计；藉口,subterfuge,[ˈsʌbtəfju:dʒ],http://sound.yywz123.com/qsbdcword/s/subterfuge.mp3
n.演绎法，三段论法,syllogism,[ˈsɪlədʒɪzəm],http://sound.yywz123.com/qsbdcword/s/syllogism.mp3
adj.森林的,sylvan,[ˈsɪlvən],http://sound.yywz123.com/qsbdcword/s/sylvan.mp3
n.弹道，轨道,trajectory,[trəˈdʒektəri],http://sound.yywz123.com/qsbdcword/t/trajectory.mp3
n.糖蜜,treacle,[ˈtri:kl],http://sound.yywz123.com/qsbdcword/t/treacle.mp3
n.古代穴居者；井底之蛙,troglodyte,[ˈtrɒglədaɪt],http://sound.yywz123.com/qsbdcword/t/troglodyte.mp3
n.无价值的杂物；adj.（物品）中看不中用的,trumpery,[ˈtrʌmpəri],http://sound.yywz123.com/qsbdcword/t/trumpery.mp3
n.约会；v.与…幽会,tryst,[trɪst],http://sound.yywz123.com/qsbdcword/t/tryst.mp3
n.可耻；邪恶,turpitude,[ˈtɜ:pɪtju:d],http://sound.yywz123.com/qsbdcword/t/turpitude.mp3
adj.保护的；守护的,tutelary,['tju:tɪlərɪ],http://sound.yywz123.com/qsbdcword/t/tutelary.mp3
adj.竞争的；比赛的,vying,[ˈvaɪɪŋ],http://sound.yywz123.com/qsbdcword/v/vying.mp3
n.V形臂章；V形图案,chevron,[ˈʃevrən],http://sound.yywz123.com/qsbdcword/c/chevron.mp3
"n.驴叫声, 喇叭声；v.驴叫",bray,[breɪ],http://sound.yywz123.com/qsbdcword/b/bray.mp3
n.引用，引证，引用文；传票,citation,[saɪˈteɪʃn],http://sound.yywz123.com/qsbdcword/c/citation.mp3
n.扭弯，扭歪，曲解,contortion,[kənˈtɔ:ʃn],http://sound.yywz123.com/qsbdcword/c/contortion.mp3
vt.剥夺；使赤裸,denude,[dɪˈnju:d],http://sound.yywz123.com/qsbdcword/d/denude.mp3
n.驱逐，放逐,deportation,[ˌdi:pɔ:'teɪʃn],http://sound.yywz123.com/qsbdcword/d/deportation.mp3
n.不适当；愚笨，愚昧的言行,ineptitude,[ɪˈneptɪtju:d],http://sound.yywz123.com/qsbdcword/i/ineptitude.mp3
n.油布，油毯,linoleum,[lɪˈnəʊliəm],http://sound.yywz123.com/qsbdcword/l/linoleum.mp3
n.线头；绷带用麻布，皮棉,lint,[lɪnt],http://sound.yywz123.com/qsbdcword/l/lint.mp3
adj.粗鲁的,loutish,['laʊtɪʃ],http://sound.yywz123.com/qsbdcword/l/loutish.mp3
n.微枝末节，细节,minutia,[maɪ'nju:ʃɪə],http://sound.yywz123.com/qsbdcword/m/minutia.mp3
adj.黑暗的，朦胧的；adv.阴暗地，混浊地；n.阴暗；昏暗,murky,[ˈmɜ:ki],http://sound.yywz123.com/qsbdcword/m/murky.mp3
n.记忆术,mnemonics,[ni:'mɒnɪks],http://sound.yywz123.com/qsbdcword/m/mnemonics.mp3
vt.溺爱，娇养,mollycoddle,[ˈmɒlikɒdl],http://sound.yywz123.com/qsbdcword/m/mollycoddle.mp3
vt. 使焦躁；使气恼 vi. 焦躁；气恼；惹恼 n. 怨恨；麻烦的事物；触怒,peeve,[pi:v],http://sound.yywz123.com/qsbdcword/p/peeve.mp3
n.嘲弄；v.使受公众嘲笑；将…示众,pillory,[ˈpɪləri],http://sound.yywz123.com/qsbdcword/p/pillory.mp3
n.装模作样的人,poseur,[pəʊˈzɜ:(r)],http://sound.yywz123.com/qsbdcword/p/poseur.mp3
vt. 打扮；用嘴整理；赞扬 vi. 洋洋自得；把（自己）打扮漂亮,preen,[pri:n],http://sound.yywz123.com/qsbdcword/p/preen.mp3
adj.装淑女样子的，装规矩的，过分规矩的；adv.过分拘谨地,prudish,[ˈpru:dɪʃ],http://sound.yywz123.com/qsbdcword/p/prudish.mp3
vt. 折叠；使起皱；使缩拢 vi. 折叠；皱起；缩拢 n. 皱纹；皱褶,pucker,[ˈpʌkə(r)],http://sound.yywz123.com/qsbdcword/p/pucker.mp3
n.美丽,pulchritude,[ˈpʌlkrɪtju:d],http://sound.yywz123.com/qsbdcword/p/pulchritude.mp3
vi. 供应；供给 vt. 供应；供给,purvey,[pəˈveɪ],http://sound.yywz123.com/qsbdcword/p/purvey.mp3
vt. 删除；减少；紧缩开支 vi. 节省；紧缩,retrench,[rɪˈtrentʃ],http://sound.yywz123.com/qsbdcword/r/retrench.mp3
vt.改造，改型，改变,remodel,[ˌri:ˈmɒdl],http://sound.yywz123.com/qsbdcword/r/remodel.mp3
n抗议，抱怨,remonstrance,[rɪˈmɒnstrəns],http://sound.yywz123.com/qsbdcword/r/remonstrance.mp3
n.斥责，责备,reproof,[rɪˈpru:f],http://sound.yywz123.com/qsbdcword/r/reproof.mp3
n.被卷进争端,crossfire,[ˈkrɒsfaɪə(r)],http://sound.yywz123.com/qsbdcword/c/crossfire.mp3
vi. 减损；贬损 vt. 毁损；贬低；诽谤,derogate,[ˈderəgeɪt],http://sound.yywz123.com/qsbdcword/d/derogate.mp3
adj.不整洁的；过旧的,dowdy,[ˈdaʊdi],http://sound.yywz123.com/qsbdcword/d/dowdy.mp3
n.劳碌的人；v.做苦工，操劳,drudge,[drʌdʒ],http://sound.yywz123.com/qsbdcword/d/drudge.mp3
n.竞争；仿效,emulation,[ˌemjʊ'leɪʃn],http://sound.yywz123.com/qsbdcword/e/emulation.mp3
vt. 使…乳化 vi. 乳化,emulsify,[ɪˈmʌlsɪfaɪ],http://sound.yywz123.com/qsbdcword/e/emulsify.mp3
vt. 确立，牢固；用壕沟围住；挖掘 vi. 侵犯；挖掘壕沟 n.壕沟；防御设施,entrench,[ɪn'trentʃ],http://sound.yywz123.com/qsbdcword/e/entrench.mp3
n.悦耳的语音,euphony,['ju:fənɪ],http://sound.yywz123.com/qsbdcword/e/euphony.mp3
n.苍穹；最高层,firmament,[ˈfɜ:məmənt],http://sound.yywz123.com/qsbdcword/f/firmament.mp3
n.（名誉等）丧失,forfeiture,[ˈfɔ:fɪtʃə(r)],http://sound.yywz123.com/qsbdcword/f/forfeiture.mp3
v.伪造；n.（钱、文件等的）伪造者,forger,[ˈfɔ:dʒə(r)],http://sound.yywz123.com/qsbdcword/f/forger.mp3
vt.放弃，抛弃,forgo,[fɔ:'ɡəʊ],http://sound.yywz123.com/qsbdcword/f/forgo.mp3
n.护航舰，大型驱逐舰,frigate,[ˈfrɪgət],http://sound.yywz123.com/qsbdcword/f/frigate.mp3
n.怀孕；酝酿,gestation,[dʒeˈsteɪʃn],http://sound.yywz123.com/qsbdcword/g/gestation.mp3
v.对小事斤斤计较，琐事,gnat,[næt],http://sound.yywz123.com/qsbdcword/g/gnat.mp3
n.丑陋女人，蛇发女怪,gorgon,[ˈgɔ:gən],http://sound.yywz123.com/qsbdcword/g/gorgon.mp3
vi.怒目而视,glower,[ˈglaʊə(r)],http://sound.yywz123.com/qsbdcword/g/glower.mp3
n.牢骚，不满；v.抱怨,grouch,[graʊtʃ],http://sound.yywz123.com/qsbdcword/g/grouch.mp3
adj.勉强的，吝啬的,grudging,[ˈgrʌdʒɪŋ],http://sound.yywz123.com/qsbdcword/g/grudging.mp3
n.深谷，峡谷,gulch,[gʌltʃ],http://sound.yywz123.com/qsbdcword/g/gulch.mp3
n.碎石,detritus,[dɪˈtraɪtəs],http://sound.yywz123.com/qsbdcword/d/detritus.mp3
adj.（政治上）不满的，叛离的,disaffected,[ˌdɪsəˈfektɪd],http://sound.yywz123.com/qsbdcword/d/disaffected.mp3
n.担心，焦虑,disquiet,[dɪsˈkwaɪət],http://sound.yywz123.com/qsbdcword/d/disquiet.mp3
vt.使失态，使为难,discommode,[ˌdɪskə'məʊd],http://sound.yywz123.com/qsbdcword/d/discommode.mp3
n.剥夺,divestiture,[daɪ'vestɪtʃə],http://sound.yywz123.com/qsbdcword/d/divestiture.mp3
vt.给予选举权，解放,enfranchise,[ɪnˈfræntʃaɪz],http://sound.yywz123.com/qsbdcword/e/enfranchise.mp3
n.劝告，规劝,exhortation,[ˌeɡzɔ:'teɪʃn],http://sound.yywz123.com/qsbdcword/e/exhortation.mp3
n.象形文字， 图画文字,hieroglyph,[ˈhaɪərəglɪf],http://sound.yywz123.com/qsbdcword/h/hieroglyph.mp3
n.自由职业者,freelancer,[ˈfri:lɑ:nsə(r)],http://sound.yywz123.com/qsbdcword/f/freelancer.mp3
adj.易碎的,friable,[ˈfraɪəbl],http://sound.yywz123.com/qsbdcword/f/friable.mp3
n.傲慢，骄傲,hubris,[ˈhju:brɪs],http://sound.yywz123.com/qsbdcword/h/hubris.mp3
vt. 狂饮；暴食 vi. 狂饮；暴食；狼吞虎咽 n. 狂饮；豪饮作乐,guzzle,[ˈgʌzl],http://sound.yywz123.com/qsbdcword/g/guzzle.mp3
adj.不适当的,infelicitous,[ˌɪnfɪ'lɪsɪtəs],http://sound.yywz123.com/qsbdcword/i/infelicitous.mp3
n.火海；地狱般的场所,inferno,[ɪnˈfɜ:nəʊ],http://sound.yywz123.com/qsbdcword/i/inferno.mp3
n.邪恶；不公正,iniquity,[ɪˈnɪkwəti],http://sound.yywz123.com/qsbdcword/i/iniquity.mp3
adj.未亵渎的，未受侵犯的,inviolate,[ɪnˈvaɪələt],http://sound.yywz123.com/qsbdcword/i/inviolate.mp3
adj.发怒的，生气,irate,[aɪˈreɪt],http://sound.yywz123.com/qsbdcword/i/irate.mp3
adj.无决断的，优柔寡断的，踌躇不定的,irresolute,[ɪˈrezəlu:t],http://sound.yywz123.com/qsbdcword/i/irresolute.mp3
adj.无节制的，放纵的,intemperate,[ɪnˈtempərət],http://sound.yywz123.com/qsbdcword/i/intemperate.mp3
n.地峡,isthmus,[ˈɪsməs],http://sound.yywz123.com/qsbdcword/i/isthmus.mp3
adj.动听的，令人着迷的，完全吸引某人注意力的；n.铆接（法）,riveting,[ˈrɪvɪtɪŋ],http://sound.yywz123.com/qsbdcword/r/riveting.mp3
vt. 使磨损；践踏；拖着脚走 vi. 磨损；拖着脚走 n. 拖着脚走；磨损之处,scuff,[skʌf],http://sound.yywz123.com/qsbdcword/s/scuff.mp3
vt. 搅浑；惹怒 vi. 动荡；喧闹 n. 小股汹涌的急流,roil,[rɔɪl],http://sound.yywz123.com/qsbdcword/r/roil.mp3
adj.影响深远的；种子的,seminal,[ˈsemɪnl],http://sound.yywz123.com/qsbdcword/s/seminal.mp3
adj.坟墓的，阴深的,sepulchral,[səˈpʌlkrəl],http://sound.yywz123.com/qsbdcword/s/sepulchral.mp3
adj.浑身湿透的；v.使浸透；使呆头呆脑,sodden,[ˈsɒdn],http://sound.yywz123.com/qsbdcword/s/sodden.mp3
n.（陶瓷器、瓦等的）破片，碎片,shard,[ʃɑ:d],http://sound.yywz123.com/qsbdcword/s/shard.mp3
n.诡辩,sophism,['sɒfɪzəm],http://sound.yywz123.com/qsbdcword/s/sophism.mp3
n.滑稽短剧；一群,skit,[skɪt],http://sound.yywz123.com/qsbdcword/s/skit.mp3
vt. 消除；镇压；压碎；使…咯吱咯吱的响 vi. 嘎吱作响 n. 噪声控制；嘎吱声；压倒对方的反驳；压碎的一堆,squelch,[skweltʃ],http://sound.yywz123.com/qsbdcword/s/squelch.mp3
adj.简朴的，刻苦的；n.斯巴达；斯巴达式的人,spartan,[ˈspɑ:tn],http://sound.yywz123.com/qsbdcword/s/spartan.mp3
n. 回转；沼地；极多 vi. 扭转；侧滑；转向；猛拐 vt. 使扭转；使旋转,slew,[slu:],http://sound.yywz123.com/qsbdcword/s/slew.mp3
adj.不修边幅的,sloven,['slʌvən],http://sound.yywz123.com/qsbdcword/s/sloven.mp3
adj.爱说奉承话的,smarmy,[ˈsmɑ:mi],http://sound.yywz123.com/qsbdcword/s/smarmy.mp3
n.诳骗，愚弄，戏弄,spoof,[spu:f],http://sound.yywz123.com/qsbdcword/s/spoof.mp3
n.坚持细节之人,stickler,[ˈstɪklə(r)],http://sound.yywz123.com/qsbdcword/s/stickler.mp3
n.得意地笑；v.傻笑；假笑着说,smirk,[smɜ:k],http://sound.yywz123.com/qsbdcword/s/smirk.mp3
adj.愉快的，活泼的,sprightly,[ˈspraɪtli],http://sound.yywz123.com/qsbdcword/s/sprightly.mp3
vt. 唾弃；冷落；一脚踢开 vi. 摒弃；藐视 n. 藐视，摒弃；踢开,spurn,[spɜ:n],http://sound.yywz123.com/qsbdcword/s/spurn.mp3
vt. （雕刻）点刻；点彩 n. （绘画）点画；点刻法 vi. 用点刻；用点画,stipple,[ˈstɪpl],http://sound.yywz123.com/qsbdcword/s/stipple.mp3
n.才干,gumption,[ˈgʌmpʃn],http://sound.yywz123.com/qsbdcword/g/gumption.mp3
n.喷油井,gusher,[ˈgʌʃə(r)],http://sound.yywz123.com/qsbdcword/g/gusher.mp3
n. 过滤；过滤器 vt. 过滤；萃取 vi. 被过滤,leach,[li:tʃ],http://sound.yywz123.com/qsbdcword/l/leach.mp3
n.沃土,loam,[ləʊm],http://sound.yywz123.com/qsbdcword/l/loam.mp3
n.中心,locus,[ˈləʊkəs],http://sound.yywz123.com/qsbdcword/l/locus.mp3
n.寄宿人，房客,lodger,[ˈlɒdʒə(r)],http://sound.yywz123.com/qsbdcword/l/lodger.mp3
n.白细胞,leucocyte,[ˈlu:kəsaɪt],http://sound.yywz123.com/qsbdcword/l/leucocyte.mp3
adj.语言的；舌的,lingual,[ˈlɪŋgwəl],http://sound.yywz123.com/qsbdcword/l/lingual.mp3
n.狂人,loon,[lu:n],http://sound.yywz123.com/qsbdcword/l/loon.mp3
v.困住，使（人）处于孤独无助之境；n.逃亡黑奴；孤立的人；酱紫色，褐红色；adj.酱紫色的，褐红色的,maroon,[məˈru:n],http://sound.yywz123.com/qsbdcword/m/maroon.mp3
n.木偶,marionette,[ˌmæriəˈnet],http://sound.yywz123.com/qsbdcword/m/marionette.mp3
adj.值得赞赏的,meritorious,[ˌmerɪˈtɔ:riəs],http://sound.yywz123.com/qsbdcword/m/meritorious.mp3
n.软体动物,mollusk,['mɒləsk],http://sound.yywz123.com/qsbdcword/m/mollusk.mp3
n.绳套，绞索（刑）；v.用套索捉；使落入圈套；处以绞刑,noose,[nu:s],http://sound.yywz123.com/qsbdcword/n/noose.mp3
n.演讲术；词藻华丽的言辞,oratory,[ˈɒrətri],http://sound.yywz123.com/qsbdcword/o/oratory.mp3
n.不透明；难懂,opacity,[əʊˈpæsəti],http://sound.yywz123.com/qsbdcword/o/opacity.mp3
n.典当商，当铺老板,pawnbroker,[ˈpɔ:nbrəʊkə(r)],http://sound.yywz123.com/qsbdcword/p/pawnbroker.mp3
n.镶木地板,parquet,[ˈpɑ:keɪ],http://sound.yywz123.com/qsbdcword/p/parquet.mp3
vt.超过，跑过,outstrip,[ˌaʊtˈstrɪp],http://sound.yywz123.com/qsbdcword/o/outstrip.mp3
n.混杂物；拼缝物,patchwork,[ˈpætʃwɜ:k],http://sound.yywz123.com/qsbdcword/p/patchwork.mp3
n.三角旗；锦标旗,pennant,[ˈpenənt],http://sound.yywz123.com/qsbdcword/p/pennant.mp3
n.请愿人,petitioner,[pəˈtɪʃənə(r)],http://sound.yywz123.com/qsbdcword/p/petitioner.mp3
n.花招，手段,ploy,[plɔɪ],http://sound.yywz123.com/qsbdcword/p/ploy.mp3
n.斗篷，雨衣,poncho,[ˈpɒntʃəʊ],http://sound.yywz123.com/qsbdcword/p/poncho.mp3
n./v.散步,promenade,[ˌprɒməˈnɑ:d],http://sound.yywz123.com/qsbdcword/p/promenade.mp3
n.赞美诗，圣诗,psalm,[sɑ:m],http://sound.yywz123.com/qsbdcword/p/psalm.mp3
n.腐坏，腐败,putrefaction,[ˌpju:trɪˈfækʃn],http://sound.yywz123.com/qsbdcword/p/putrefaction.mp3
vt.谴责，责难,reprehend,[ˌreprɪ'hend],http://sound.yywz123.com/qsbdcword/r/reprehend.mp3
n.水晶石，莱茵石,rhinestone,[ˈraɪnstəʊn],http://sound.yywz123.com/qsbdcword/r/rhinestone.mp3
vt.折回；追溯，探源,retrace,[rɪˈtreɪs],http://sound.yywz123.com/qsbdcword/r/retrace.mp3
n.纵帆船,schooner,[ˈsku:nə(r)],http://sound.yywz123.com/qsbdcword/s/schooner.mp3
adj.肮脏的，不洁的,scruffy,[ˈskrʌfi],http://sound.yywz123.com/qsbdcword/s/scruffy.mp3
n.大剪刀,shears,[ʃɪəz],http://sound.yywz123.com/qsbdcword/s/shears.mp3
n.（烤肉用的）串肉杆；v.用杆串好,skewer,[ˈskju:ə(r)],http://sound.yywz123.com/qsbdcword/s/skewer.mp3
adj.多腱的，强壮有力的,sinewy,[ˈsɪnju:i],http://sound.yywz123.com/qsbdcword/s/sinewy.mp3
vt. 熔炼，冶炼；精炼 n. 香鱼；胡瓜鱼 vi. 熔炼，精炼,smelt,[smelt],http://sound.yywz123.com/qsbdcword/s/smelt.mp3
n.响亮，宏亮,sonority,[sə'nɒrətɪ],http://sound.yywz123.com/qsbdcword/s/sonority.mp3
n.诡辩,sophistry,[ˈsɒfɪstri],http://sound.yywz123.com/qsbdcword/s/sophistry.mp3
n.勇气，胆量,spunk,[spʌŋk],http://sound.yywz123.com/qsbdcword/s/spunk.mp3
vt.接合，衔接；n.胶接处，粘接处,splice,[splaɪs],http://sound.yywz123.com/qsbdcword/s/splice.mp3
n.速记，速记法,stenography,[stəˈnɒgrəfi],http://sound.yywz123.com/qsbdcword/s/stenography.mp3
n.（缠录音带等的）卷盘（轴）；v.把…绕在卷轴上,spool,[spu:l],http://sound.yywz123.com/qsbdcword/s/spool.mp3
n.（藏于轮船，飞机中的）偷乘者,stowaway,[ˈstəʊəweɪ],http://sound.yywz123.com/qsbdcword/s/stowaway.mp3
n.技术人员，技术官僚,technocrat,[ˈteknəkræt],http://sound.yywz123.com/qsbdcword/t/technocrat.mp3
n.突触,synapse,[ˈsaɪnæps],http://sound.yywz123.com/qsbdcword/s/synapse.mp3
adj.狂暴的,tempestuous,[temˈpestʃuəs],http://sound.yywz123.com/qsbdcword/t/tempestuous.mp3
n.坐立不安,tenterhooks,[ˈtentəhʊks],http://sound.yywz123.com/qsbdcword/t/tenterhooks.mp3
vt.诡计，引诱；n.欺骗，欺诈,wile,[waɪl],http://sound.yywz123.com/qsbdcword/w/wile.mp3
n.窥淫狂者，窥隐私者,voyeur,[vwaɪˈɜ:(r)],http://sound.yywz123.com/qsbdcword/v/voyeur.mp3
n.山毛榉；adj.山毛榉的,beech,[bi:tʃ],http://sound.yywz123.com/qsbdcword/b/beech.mp3
n.悬梁臂；adj.采用伸臂建成的,cantilever,[ˈkæntɪli:və(r)],http://sound.yywz123.com/qsbdcword/c/cantilever.mp3
n.竖铰链窗；窗扉,casement,[ˈkeɪsmənt],http://sound.yywz123.com/qsbdcword/c/casement.mp3
n.躲避者；躲闪者；广告单,dodger,[ˈdɒdʒə(r)],http://sound.yywz123.com/qsbdcword/d/dodger.mp3
n.侵扰，蔓延,infestation,[ˌɪnfe'steɪʃn],http://sound.yywz123.com/qsbdcword/i/infestation.mp3
n.云母,mica,[ˈmaɪkə],http://sound.yywz123.com/qsbdcword/m/mica.mp3
n.鼠海豚,porpoise,[ˈpɔ:pəs],http://sound.yywz123.com/qsbdcword/p/porpoise.mp3
n.靓女,belle,[bel],http://sound.yywz123.com/qsbdcword/b/belle.mp3
n.操纵木偶的人，操纵傀儡,puppeteer,[ˌpʌpɪˈtɪə(r)],http://sound.yywz123.com/qsbdcword/p/puppeteer.mp3
n.红杉,sequoia,[sɪˈkwɔɪə],http://sound.yywz123.com/qsbdcword/s/sequoia.mp3
n.束腰外衣,tunic,[ˈtju:nɪk],http://sound.yywz123.com/qsbdcword/t/tunic.mp3
n.栅栏，围栏；v.用栅栏防护,stockade,[stɒˈkeɪd],http://sound.yywz123.com/qsbdcword/s/stockade.mp3
adj.刚毅的，大胆的,stouthearted,['stɑʊt'hɑ:tɪd],http://sound.yywz123.com/qsbdcword/s/stouthearted.mp3
adj.（女人）体态苗条的,svelte,[svelt],http://sound.yywz123.com/qsbdcword/s/svelte.mp3
n. 泔水；冲洗；痛饮；涮 vt. 冲洗；痛饮；涮；倒出 vi. 大口地喝；发激荡声,swill,[swɪl],http://sound.yywz123.com/qsbdcword/s/swill.mp3
n.马屁精,sycophant,[ˈsɪkəfænt],http://sound.yywz123.com/qsbdcword/s/sycophant.mp3
n.小争吵，生气,tiff,[tɪf],http://sound.yywz123.com/qsbdcword/t/tiff.mp3
n.精力，活力,vim,[vɪm],http://sound.yywz123.com/qsbdcword/v/vim.mp3
n.雄劲，丈夫气,virility,[vəˈrɪləti],http://sound.yywz123.com/qsbdcword/v/virility.mp3
vi. 退缩；回避 vt. 畏缩，退缩,blench,[blentʃ],http://sound.yywz123.com/qsbdcword/b/blench.mp3
n.加字符号,caret,[ˈkærət],http://sound.yywz123.com/qsbdcword/c/caret.mp3
n.北美驯鹿,caribou,[ˈkærɪbu:],http://sound.yywz123.com/qsbdcword/c/caribou.mp3
adj.丰富的,bounteous,[ˈbaʊntiəs],http://sound.yywz123.com/qsbdcword/b/bounteous.mp3
n.凉亭，树荫下凉快之处；闺房；v.荫蔽,bower,[ˈbaʊə(r)],http://sound.yywz123.com/qsbdcword/b/bower.mp3
adj.疲倦的,bushed,[bʊʃt],http://sound.yywz123.com/qsbdcword/b/bushed.mp3
vt. 吃腻 vi. 吃得太饱,cloy,[klɔɪ],http://sound.yywz123.com/qsbdcword/c/cloy.mp3
n.说服力；adj.有说服力的,cogency,['kəʊdʒənsɪ],http://sound.yywz123.com/qsbdcword/c/cogency.mp3
vt.主持（节目）,compere,[ˈkɒmpeə(r)],http://sound.yywz123.com/qsbdcword/c/compere.mp3
n.阴谋者，谋叛者,conspirator,[kənˈspɪrətə(r)],http://sound.yywz123.com/qsbdcword/c/conspirator.mp3
n.日冕,corona,[kəˈrəʊnə],http://sound.yywz123.com/qsbdcword/c/corona.mp3
n.病后康复期,convalescence,[ˌkɒnvəˈlesns],http://sound.yywz123.com/qsbdcword/c/convalescence.mp3
n.同时发生；配合；adv.一个跟着一个地；纵排地；adj.（两匹马）前后纵列的,tandem,[ˈtændəm],http://sound.yywz123.com/qsbdcword/t/tandem.mp3
n.特大城市,megalopolis,[ˌmegəˈlɒpəlɪs],http://sound.yywz123.com/qsbdcword/m/megalopolis.mp3
adv.优美地；可爱地,prettily,['prɪtɪlɪ],http://sound.yywz123.com/qsbdcword/p/prettily.mp3
adj. 痛苦的,torturous,['tɔ:tʃərəs],http://sound.yywz123.com/qsbdcword/t/torturous.mp3
vt. 使怀疑；使担心 vi. 疑虑；怀疑，恐惧,misgive,[mɪs'gɪv],http://sound.yywz123.com/qsbdcword/m/misgive.mp3
adj.发霉的,moldy,['məʊldɪ],http://sound.yywz123.com/qsbdcword/m/moldy.mp3
vi. 重置；清零 vt. 重置；重新设定；重新组合；n.重新放置；重放之物,reset,[ˌri:ˈset],http://sound.yywz123.com/qsbdcword/r/reset.mp3
n.头顶；光顶,pate,[peɪt],http://sound.yywz123.com/qsbdcword/p/pate.mp3
n.女士,dame,[deɪm],http://sound.yywz123.com/qsbdcword/d/dame.mp3
n.长沙发；（波斯或其他东方诗人的）诗集,divan,[dɪˈvæn],http://sound.yywz123.com/qsbdcword/d/divan.mp3
n.蜡像,waxwork,[ˈwækswɜ:k],http://sound.yywz123.com/qsbdcword/w/waxwork.mp3
n.姑娘，少女,gal,[gæl],http://sound.yywz123.com/qsbdcword/g/gal.mp3
n.快步舞（曲）；v.上下晃动；用夹具辅助加工；蹦蹦跳跳,jig,[dʒɪg],http://sound.yywz123.com/qsbdcword/j/jig.mp3
n.紫杉属树木,yew,[ju:],http://sound.yywz123.com/qsbdcword/y/yew.mp3
n.令人谈之变色之物；妖怪，幽灵,bogey,[ˈbəʊgi],http://sound.yywz123.com/qsbdcword/b/bogey.mp3
n.被疏散的人员，被撤走的人员,evacuee,[ɪˌvækjuˈi:],http://sound.yywz123.com/qsbdcword/e/evacuee.mp3
adj.从整体着眼的，全面的,holistic,[həʊˈlɪstɪk],http://sound.yywz123.com/qsbdcword/h/holistic.mp3
n.蜂蜜酒,mead,[mi:d],http://sound.yywz123.com/qsbdcword/m/mead.mp3
n.欢闹；v.嬉闹玩笑,romp,[rɒmp],http://sound.yywz123.com/qsbdcword/r/romp.mp3
n.魔术师，变戏法者,conjuror,[ˈkʌndʒərə(r)],http://sound.yywz123.com/qsbdcword/c/conjuror.mp3
